timestamp,close,volume
2025-05-18 09:57:00,103834.90,103.910
2025-05-18 10:00:00,103845.60,178.558
2025-05-18 10:03:00,103848.50,91.084
2025-05-18 10:06:00,103825.40,79.728
2025-05-18 10:09:00,103824.40,45.652
2025-05-18 10:12:00,103893.20,174.810
2025-05-18 10:15:00,103879.20,109.775
2025-05-18 10:18:00,103848.50,114.584
2025-05-18 10:21:00,103824.30,58.713
2025-05-18 10:24:00,103781.90,197.209
2025-05-18 10:27:00,103764.10,154.639
2025-05-18 10:30:00,103797.80,133.693
2025-05-18 10:33:00,103795.80,64.027
2025-05-18 10:36:00,103795.00,53.053
2025-05-18 10:39:00,103793.10,76.413
2025-05-18 10:42:00,103800.30,53.704
2025-05-18 10:45:00,103800.30,43.494
2025-05-18 10:48:00,103797.20,67.355
2025-05-18 10:51:00,103800.20,26.728
2025-05-18 10:54:00,103798.30,96.191
2025-05-18 10:57:00,103818.60,61.541
2025-05-18 11:00:00,103867.70,61.253
2025-05-18 11:03:00,103834.60,86.813
2025-05-18 11:06:00,103837.10,51.451
2025-05-18 11:09:00,103816.90,48.701
2025-05-18 11:12:00,103812.80,56.117
2025-05-18 11:15:00,103884.40,108.054
2025-05-18 11:18:00,103879.30,58.479
2025-05-18 11:21:00,103864.00,163.781
2025-05-18 11:24:00,103869.60,39.254
2025-05-18 11:27:00,103873.00,38.707
2025-05-18 11:30:00,103888.40,101.856
2025-05-18 11:33:00,103955.70,63.892
2025-05-18 11:36:00,103902.40,98.924
2025-05-18 11:39:00,103852.10,74.722
2025-05-18 11:42:00,103790.00,79.437
2025-05-18 11:45:00,103802.70,57.430
2025-05-18 11:48:00,103782.10,69.796
2025-05-18 11:51:00,103762.00,90.380
2025-05-18 11:54:00,103770.00,102.648
2025-05-18 11:57:00,103769.00,95.931
2025-05-18 12:00:00,103768.00,169.250
2025-05-18 12:03:00,103757.30,92.524
2025-05-18 12:06:00,103682.80,660.871
2025-05-18 12:09:00,103746.20,147.190
2025-05-18 12:12:00,103711.10,91.054
2025-05-18 12:15:00,103711.10,104.747
2025-05-18 12:18:00,103766.70,69.224
2025-05-18 12:21:00,103799.90,107.744
2025-05-18 12:24:00,103822.60,142.505
2025-05-18 12:27:00,103824.80,58.772
2025-05-18 12:30:00,103850.00,52.448
2025-05-18 12:33:00,103849.40,144.824
2025-05-18 12:36:00,103838.10,55.375
2025-05-18 12:39:00,103839.80,76.034
2025-05-18 12:42:00,103827.30,82.241
2025-05-18 12:45:00,103826.60,46.775
2025-05-18 12:48:00,103879.50,89.515
2025-05-18 12:51:00,103882.40,152.692
2025-05-18 12:54:00,103901.70,129.899
2025-05-18 12:57:00,103906.50,64.598
2025-05-18 13:00:00,103884.90,139.576
2025-05-18 13:03:00,103871.00,44.607
2025-05-18 13:06:00,103875.90,71.943
2025-05-18 13:09:00,103867.90,66.933
2025-05-18 13:12:00,103879.90,58.322
2025-05-18 13:15:00,103868.90,47.819
2025-05-18 13:18:00,103880.00,64.143
2025-05-18 13:21:00,103872.20,79.671
2025-05-18 13:24:00,103856.20,55.747
2025-05-18 13:27:00,103864.80,49.753
2025-05-18 13:30:00,103877.90,151.433
2025-05-18 13:33:00,103955.60,455.172
2025-05-18 13:36:00,104118.90,1724.302
2025-05-18 13:39:00,104487.70,2918.363
2025-05-18 13:42:00,104419.00,1194.843
2025-05-18 13:45:00,104344.80,537.097
2025-05-18 13:48:00,104264.30,478.114
2025-05-18 13:51:00,104324.20,301.233
2025-05-18 13:54:00,104401.40,613.907
2025-05-18 13:57:00,104708.20,2280.456
2025-05-18 14:00:00,104689.40,2020.940
2025-05-18 14:03:00,104630.70,440.988
2025-05-18 14:06:00,104639.80,304.702
2025-05-18 14:09:00,104685.00,411.366
2025-05-18 14:12:00,104517.80,486.297
2025-05-18 14:15:00,104544.10,266.107
2025-05-18 14:18:00,104811.70,616.224
2025-05-18 14:21:00,104798.00,531.319
2025-05-18 14:24:00,104755.80,726.597
2025-05-18 14:27:00,104765.40,220.391
2025-05-18 14:30:00,104860.00,522.211
2025-05-18 14:33:00,104935.10,1078.187
2025-05-18 14:36:00,105118.60,1849.836
2025-05-18 14:39:00,105057.20,1499.747
2025-05-18 14:42:00,105176.00,513.555
2025-05-18 14:45:00,105263.20,1731.015
2025-05-18 14:48:00,105443.80,1109.080
2025-05-18 14:51:00,105377.30,942.925
2025-05-18 14:54:00,105224.10,1171.968
2025-05-18 14:57:00,105233.00,991.452
2025-05-18 15:00:00,105077.10,1886.785
2025-05-18 15:03:00,105084.40,1212.181
2025-05-18 15:06:00,105036.60,638.893
2025-05-18 15:09:00,105142.70,400.505
2025-05-18 15:12:00,105122.10,202.945
2025-05-18 15:15:00,105399.10,646.720
2025-05-18 15:18:00,105424.60,676.741
2025-05-18 15:21:00,105301.80,387.098
2025-05-18 15:24:00,105295.50,387.621
2025-05-18 15:27:00,105292.60,193.041
2025-05-18 15:30:00,105249.80,429.530
2025-05-18 15:33:00,105300.00,226.173
2025-05-18 15:36:00,105315.30,229.734
2025-05-18 15:39:00,105335.60,132.530
2025-05-18 15:42:00,105413.30,356.285
2025-05-18 15:45:00,105388.20,161.821
2025-05-18 15:48:00,105597.20,812.926
2025-05-18 15:51:00,105475.70,744.058
2025-05-18 15:54:00,105399.00,354.835
2025-05-18 15:57:00,105484.20,442.079
2025-05-18 16:00:00,105515.00,560.899
2025-05-18 16:03:00,105381.30,391.137
2025-05-18 16:06:00,105370.00,287.418
2025-05-18 16:09:00,105538.30,258.639
2025-05-18 16:12:00,105385.00,518.888
2025-05-18 16:15:00,105399.80,366.504
2025-05-18 16:18:00,105417.60,336.431
2025-05-18 16:21:00,105138.80,907.027
2025-05-18 16:24:00,105415.60,419.209
2025-05-18 16:27:00,105431.60,297.415
2025-05-18 16:30:00,105345.10,351.837
2025-05-18 16:33:00,105360.60,150.234
2025-05-18 16:36:00,105386.50,227.341
2025-05-18 16:39:00,105456.40,178.109
2025-05-18 16:42:00,105476.00,252.025
2025-05-18 16:45:00,105560.10,467.584
2025-05-18 16:48:00,105460.70,269.537
2025-05-18 16:51:00,105491.30,338.056
2025-05-18 16:54:00,105760.00,1069.673
2025-05-18 16:57:00,105789.20,2591.173
2025-05-18 17:00:00,105657.20,700.905
2025-05-18 17:03:00,105657.20,309.305
2025-05-18 17:06:00,105851.00,662.788
2025-05-18 17:09:00,105770.60,290.795
2025-05-18 17:12:00,105783.00,291.004
2025-05-18 17:15:00,105740.00,399.965
2025-05-18 17:18:00,105670.70,209.589
2025-05-18 17:21:00,105640.50,207.926
2025-05-18 17:24:00,105601.30,254.820
2025-05-18 17:27:00,105507.70,1014.971
2025-05-18 17:30:00,105608.90,310.992
2025-05-18 17:33:00,105400.00,302.987
2025-05-18 17:36:00,105247.90,926.166
2025-05-18 17:39:00,105499.90,1271.212
2025-05-18 17:42:00,105473.40,235.284
2025-05-18 17:45:00,105317.90,456.401
2025-05-18 17:48:00,105211.00,501.724
2025-05-18 17:51:00,105055.10,1192.693
2025-05-18 17:54:00,105128.40,597.383
2025-05-18 17:57:00,104805.20,1129.849
2025-05-18 18:00:00,104527.10,4127.097
2025-05-18 18:03:00,104393.40,2110.644
2025-05-18 18:06:00,104033.80,4686.318
2025-05-18 18:09:00,104308.00,2261.656
2025-05-18 18:12:00,104267.20,557.197
2025-05-18 18:15:00,104093.90,1006.403
2025-05-18 18:18:00,104260.90,804.480
2025-05-18 18:21:00,104550.10,1133.258
2025-05-18 18:24:00,104485.40,766.842
2025-05-18 18:27:00,104649.80,531.973
2025-05-18 18:30:00,104623.00,342.354
2025-05-18 18:33:00,104592.70,547.772
2025-05-18 18:36:00,104537.30,277.035
2025-05-18 18:39:00,104558.00,241.037
2025-05-18 18:42:00,104550.00,170.403
2025-05-18 18:45:00,104534.20,321.761
2025-05-18 18:48:00,104470.00,371.354
2025-05-18 18:51:00,104497.00,383.795
2025-05-18 18:54:00,104394.60,326.833
2025-05-18 18:57:00,104455.70,319.911
2025-05-18 19:00:00,104478.40,326.488
2025-05-18 19:03:00,104449.90,177.281
2025-05-18 19:06:00,104525.80,152.718
2025-05-18 19:09:00,104571.60,141.791
2025-05-18 19:12:00,104600.10,105.045
2025-05-18 19:15:00,104457.30,365.864
2025-05-18 19:18:00,104456.60,196.601
2025-05-18 19:21:00,104542.30,77.034
2025-05-18 19:24:00,104616.30,224.594
2025-05-18 19:27:00,104495.80,101.382
2025-05-18 19:30:00,104140.70,592.763
2025-05-18 19:33:00,104205.50,441.746
2025-05-18 19:36:00,104188.40,360.274
2025-05-18 19:39:00,104138.90,363.704
2025-05-18 19:42:00,104199.90,343.696
2025-05-18 19:45:00,104245.70,218.542
2025-05-18 19:48:00,104143.30,222.552
2025-05-18 19:51:00,104007.00,537.348
2025-05-18 19:54:00,104027.30,528.075
2025-05-18 19:57:00,103834.00,1315.955
2025-05-18 20:00:00,103435.50,4418.584
2025-05-18 20:03:00,103526.60,1063.814
2025-05-18 20:06:00,103736.30,905.592
2025-05-18 20:09:00,103478.20,688.994
2025-05-18 20:12:00,103610.10,390.471
2025-05-18 20:15:00,103696.90,322.806
2025-05-18 20:18:00,103658.90,541.347
2025-05-18 20:21:00,103764.60,593.150
2025-05-18 20:24:00,103799.00,220.264
2025-05-18 20:27:00,103870.20,408.970
2025-05-18 20:30:00,103854.50,297.491
2025-05-18 20:33:00,103953.80,435.739
2025-05-18 20:36:00,103971.50,262.206
2025-05-18 20:39:00,104013.80,327.674
2025-05-18 20:42:00,104098.70,370.802
2025-05-18 20:45:00,104143.70,308.251
2025-05-18 20:48:00,104046.50,446.130
2025-05-18 20:51:00,103984.30,538.764
2025-05-18 20:54:00,104016.20,295.002
2025-05-18 20:57:00,104002.60,249.213
2025-05-18 21:00:00,104132.00,312.654
2025-05-18 21:03:00,104076.10,247.037
2025-05-18 21:06:00,104148.90,578.494
2025-05-18 21:09:00,104183.00,348.494
2025-05-18 21:12:00,104162.50,173.457
2025-05-18 21:15:00,104215.40,220.136
2025-05-18 21:18:00,104229.20,122.804
2025-05-18 21:21:00,104248.90,119.434
2025-05-18 21:24:00,104308.60,314.327
2025-05-18 21:27:00,104250.10,202.196
2025-05-18 21:30:00,104364.30,502.902
2025-05-18 21:33:00,104118.90,463.951
2025-05-18 21:36:00,104324.10,267.816
2025-05-18 21:39:00,104440.00,438.391
2025-05-18 21:42:00,104419.50,184.803
2025-05-18 21:45:00,104414.20,153.194
2025-05-18 21:48:00,104400.00,169.006
2025-05-18 21:51:00,104160.60,292.211
2025-05-18 21:54:00,104166.40,159.371
2025-05-18 21:57:00,104131.30,118.847
2025-05-18 22:00:00,103919.40,767.353
2025-05-18 22:03:00,103997.50,493.639
2025-05-18 22:06:00,104084.20,362.206
2025-05-18 22:09:00,104040.50,156.866
2025-05-18 22:12:00,104025.10,153.109
2025-05-18 22:15:00,103976.40,287.140
2025-05-18 22:18:00,104284.50,396.532
2025-05-18 22:21:00,104570.30,630.896
2025-05-18 22:24:00,104848.60,1075.751
2025-05-18 22:27:00,105000.30,918.556
2025-05-18 22:30:00,105263.60,1707.769
2025-05-18 22:33:00,105042.70,616.496
2025-05-18 22:36:00,104999.10,572.707
2025-05-18 22:39:00,105014.80,464.224
2025-05-18 22:42:00,105185.10,332.158
2025-05-18 22:45:00,105211.00,453.105
2025-05-18 22:48:00,105427.70,1610.908
2025-05-18 22:51:00,105520.30,926.764
2025-05-18 22:54:00,105681.30,905.656
2025-05-18 22:57:00,105899.20,1451.110
2025-05-18 23:00:00,105592.50,1214.798
2025-05-18 23:03:00,105667.70,1484.858
2025-05-18 23:06:00,105660.00,332.486
2025-05-18 23:09:00,105704.50,422.894
2025-05-18 23:12:00,105699.90,436.932
2025-05-18 23:15:00,105513.30,647.079
2025-05-18 23:18:00,105575.30,486.676
2025-05-18 23:21:00,105613.10,343.456
2025-05-18 23:24:00,105739.20,365.341
2025-05-18 23:27:00,105849.30,315.363
2025-05-18 23:30:00,105723.10,362.695
2025-05-18 23:33:00,105643.10,411.862
2025-05-18 23:36:00,105713.90,470.352
2025-05-18 23:39:00,105711.20,197.197
2025-05-18 23:42:00,105750.00,257.718
2025-05-18 23:45:00,105853.60,435.028
2025-05-18 23:48:00,106151.90,2847.199
2025-05-18 23:51:00,106397.00,2166.968
2025-05-18 23:54:00,106419.80,1495.927
2025-05-18 23:57:00,106407.60,1932.294
2025-05-19 00:00:00,106340.50,1742.142
2025-05-19 00:03:00,106656.60,1636.078
2025-05-19 00:06:00,107036.80,2181.743
2025-05-19 00:09:00,106618.50,1431.877
2025-05-19 00:12:00,106503.60,573.126
2025-05-19 00:15:00,106356.90,1295.667
2025-05-19 00:18:00,106483.00,810.270
2025-05-19 00:21:00,106219.40,1137.650
2025-05-19 00:24:00,106081.50,1085.825
2025-05-19 00:27:00,106079.00,507.357
2025-05-19 00:30:00,105773.90,1659.201
2025-05-19 00:33:00,105800.80,573.137
2025-05-19 00:36:00,105753.60,448.575
2025-05-19 00:39:00,105567.80,658.148
2025-05-19 00:42:00,105481.50,1018.592
2025-05-19 00:45:00,105407.60,1707.201
2025-05-19 00:48:00,105417.50,484.257
2025-05-19 00:51:00,105253.80,336.452
2025-05-19 00:54:00,105182.20,399.519
2025-05-19 00:57:00,105225.30,540.995
2025-05-19 01:00:00,105309.70,687.661
2025-05-19 01:03:00,105193.90,439.444
2025-05-19 01:06:00,104993.40,1045.390
2025-05-19 01:09:00,104880.10,761.696
2025-05-19 01:12:00,105022.50,478.258
2025-05-19 01:15:00,104809.10,762.815
2025-05-19 01:18:00,104704.60,768.898
2025-05-19 01:21:00,105015.20,607.802
2025-05-19 01:24:00,105055.50,631.975
2025-05-19 01:27:00,105037.80,337.142
2025-05-19 01:30:00,105083.00,360.536
2025-05-19 01:33:00,105146.70,508.818
2025-05-19 01:36:00,104969.60,480.878
2025-05-19 01:39:00,104893.30,397.151
2025-05-19 01:42:00,104931.20,428.783
2025-05-19 01:45:00,105016.90,223.449
2025-05-19 01:48:00,105016.10,256.342
2025-05-19 01:51:00,105072.10,174.185
2025-05-19 01:54:00,105086.00,276.125
2025-05-19 01:57:00,105022.60,195.565
2025-05-19 02:00:00,105018.30,274.849
2025-05-19 02:03:00,105140.50,238.311
2025-05-19 02:06:00,105038.70,267.490
2025-05-19 02:09:00,104693.20,1715.396
2025-05-19 02:12:00,104551.60,964.850
2025-05-19 02:15:00,104574.70,706.094
2025-05-19 02:18:00,104607.70,546.522
2025-05-19 02:21:00,104827.20,347.788
2025-05-19 02:24:00,104820.00,500.972
2025-05-19 02:27:00,104863.10,302.629
2025-05-19 02:30:00,104963.40,509.302
2025-05-19 02:33:00,104949.30,331.913
2025-05-19 02:36:00,104943.00,283.980
2025-05-19 02:39:00,104789.60,416.109
2025-05-19 02:42:00,104747.60,346.783
2025-05-19 02:45:00,104721.00,437.333
2025-05-19 02:48:00,104763.90,189.105
2025-05-19 02:51:00,104618.20,211.245
2025-05-19 02:54:00,104564.00,225.883
2025-05-19 02:57:00,104610.50,189.184
2025-05-19 03:00:00,104542.60,266.606
2025-05-19 03:03:00,104449.20,337.785
2025-05-19 03:06:00,104346.20,1046.476
2025-05-19 03:09:00,104189.90,583.684
2025-05-19 03:12:00,104133.70,512.236
2025-05-19 03:15:00,104128.60,664.877
2025-05-19 03:18:00,104113.30,303.155
2025-05-19 03:21:00,104142.90,522.607
2025-05-19 03:24:00,104257.30,587.140
2025-05-19 03:27:00,104179.40,174.486
2025-05-19 03:30:00,104040.10,621.660
2025-05-19 03:33:00,104082.80,264.412
2025-05-19 03:36:00,104050.00,152.504
2025-05-19 03:39:00,103914.50,805.167
2025-05-19 03:42:00,103785.40,1277.953
2025-05-19 03:45:00,103826.40,1010.732
2025-05-19 03:48:00,103928.40,453.285
2025-05-19 03:51:00,103581.40,1111.799
2025-05-19 03:54:00,103560.00,1032.795
2025-05-19 03:57:00,103569.40,541.052
2025-05-19 04:00:00,103422.90,2002.725
2025-05-19 04:03:00,103290.30,1134.871
2025-05-19 04:06:00,102979.90,4840.548
2025-05-19 04:09:00,103420.70,3165.809
2025-05-19 04:12:00,103625.10,2226.837
2025-05-19 04:15:00,103408.30,949.589
2025-05-19 04:18:00,103236.00,827.740
2025-05-19 04:21:00,103213.60,507.447
2025-05-19 04:24:00,103264.80,477.001
2025-05-19 04:27:00,103266.30,349.671
2025-05-19 04:30:00,103318.00,424.117
2025-05-19 04:33:00,103417.20,902.477
2025-05-19 04:36:00,103394.40,515.693
2025-05-19 04:39:00,103038.50,936.726
2025-05-19 04:42:00,103225.70,481.457
2025-05-19 04:45:00,103120.10,341.969
2025-05-19 04:48:00,102840.40,1583.906
2025-05-19 04:51:00,102822.20,906.827
2025-05-19 04:54:00,102877.90,808.451
2025-05-19 04:57:00,102960.10,364.310
2025-05-19 05:00:00,102820.30,590.038
2025-05-19 05:03:00,102910.90,1724.845
2025-05-19 05:06:00,102918.80,602.802
2025-05-19 05:09:00,102970.10,523.246
2025-05-19 05:12:00,102935.50,271.506
2025-05-19 05:15:00,102858.00,618.385
2025-05-19 05:18:00,102871.90,282.052
2025-05-19 05:21:00,102745.50,262.054
2025-05-19 05:24:00,102773.60,277.418
2025-05-19 05:27:00,102684.30,318.934
2025-05-19 05:30:00,102921.70,1817.965
2025-05-19 05:33:00,102940.80,997.712
2025-05-19 05:36:00,103053.10,430.352
2025-05-19 05:39:00,103008.20,467.954
2025-05-19 05:42:00,102992.10,362.617
2025-05-19 05:45:00,102862.90,454.062
2025-05-19 05:48:00,102811.10,288.397
2025-05-19 05:51:00,102904.20,232.284
2025-05-19 05:54:00,102904.30,236.248
2025-05-19 05:57:00,102990.80,279.604
2025-05-19 06:00:00,102843.60,414.115
2025-05-19 06:03:00,102866.00,281.676
2025-05-19 06:06:00,103055.40,377.796
2025-05-19 06:09:00,103055.80,403.181
2025-05-19 06:12:00,103056.50,454.796
2025-05-19 06:15:00,102875.50,336.242
2025-05-19 06:18:00,102768.90,286.695
2025-05-19 06:21:00,102613.10,473.258
2025-05-19 06:24:00,102600.40,470.478
2025-05-19 06:27:00,102581.60,605.371
2025-05-19 06:30:00,102310.10,1730.339
2025-05-19 06:33:00,102296.70,1367.414
2025-05-19 06:36:00,102091.10,1318.981
2025-05-19 06:39:00,102300.10,897.225
2025-05-19 06:42:00,102377.00,359.659
2025-05-19 06:45:00,102436.00,594.713
2025-05-19 06:48:00,102272.10,495.624
2025-05-19 06:51:00,102355.80,199.599
2025-05-19 06:54:00,102205.20,350.530
2025-05-19 06:57:00,102166.40,521.940
2025-05-19 07:00:00,102362.50,775.771
2025-05-19 07:03:00,102534.30,564.507
2025-05-19 07:06:00,102504.50,813.538
2025-05-19 07:09:00,102584.60,472.522
2025-05-19 07:12:00,102566.10,477.431
2025-05-19 07:15:00,102714.90,637.168
2025-05-19 07:18:00,102727.60,467.805
2025-05-19 07:21:00,102798.80,266.415
2025-05-19 07:24:00,102836.00,448.189
2025-05-19 07:27:00,102774.80,346.146
2025-05-19 07:30:00,102818.00,401.819
2025-05-19 07:33:00,102862.40,261.557
2025-05-19 07:36:00,102906.20,216.797
2025-05-19 07:39:00,102890.50,307.986
2025-05-19 07:42:00,103118.90,845.071
2025-05-19 07:45:00,103163.00,1907.434
2025-05-19 07:48:00,103150.20,387.894
2025-05-19 07:51:00,103223.30,283.741
2025-05-19 07:54:00,103171.50,229.449
2025-05-19 07:57:00,103167.00,173.602
2025-05-19 08:00:00,103209.20,509.888
2025-05-19 08:03:00,103128.80,448.287
2025-05-19 08:06:00,102954.70,611.868
2025-05-19 08:09:00,103044.60,268.241
2025-05-19 08:12:00,103100.30,298.691
2025-05-19 08:15:00,103112.70,379.735
2025-05-19 08:18:00,103170.90,224.169
2025-05-19 08:21:00,103281.80,462.186
2025-05-19 08:24:00,103283.50,575.635
2025-05-19 08:27:00,103202.50,606.689
2025-05-19 08:30:00,103120.20,358.187
2025-05-19 08:33:00,103062.10,186.755
2025-05-19 08:36:00,103105.20,200.728
2025-05-19 08:39:00,103044.30,196.560
2025-05-19 08:42:00,102936.70,671.413
2025-05-19 08:45:00,103062.10,376.786
2025-05-19 08:48:00,103156.30,239.805
2025-05-19 08:51:00,103153.70,184.330
2025-05-19 08:54:00,103107.20,184.165
2025-05-19 08:57:00,103189.50,87.690
2025-05-19 09:00:00,103120.10,835.962
2025-05-19 09:03:00,103177.10,438.596
2025-05-19 09:06:00,102991.20,358.717
2025-05-19 09:09:00,103043.40,222.248
2025-05-19 09:12:00,103124.70,155.021
2025-05-19 09:15:00,103173.90,263.769
2025-05-19 09:18:00,103120.20,157.294
2025-05-19 09:21:00,103209.70,211.455
2025-05-19 09:24:00,103180.10,120.743
2025-05-19 09:27:00,103201.20,100.598
2025-05-19 09:30:00,103268.00,168.200
2025-05-19 09:33:00,103203.20,126.104
2025-05-19 09:36:00,103208.80,145.909
2025-05-19 09:39:00,103229.90,125.213
2025-05-19 09:42:00,103219.20,348.068
2025-05-19 09:45:00,103139.00,125.077
2025-05-19 09:48:00,103030.10,131.420
2025-05-19 09:51:00,102993.90,422.181
2025-05-19 09:54:00,103015.00,166.029
2025-05-19 09:57:00,103024.50,107.656
2025-05-19 10:00:00,102959.90,265.223
2025-05-19 10:03:00,102912.00,620.780
2025-05-19 10:06:00,102932.90,582.594
2025-05-19 10:09:00,102860.70,425.831
2025-05-19 10:12:00,102846.90,209.358
2025-05-19 10:15:00,102838.00,218.608
2025-05-19 10:18:00,102892.50,160.952
2025-05-19 10:21:00,103023.00,693.854
2025-05-19 10:24:00,102948.00,229.363
2025-05-19 10:27:00,103008.00,88.862
2025-05-19 10:30:00,102981.90,143.549
2025-05-19 10:33:00,102905.00,156.925
2025-05-19 10:36:00,102914.40,124.454
2025-05-19 10:39:00,103010.80,160.517
2025-05-19 10:42:00,102901.40,147.410
2025-05-19 10:45:00,102898.10,131.895
2025-05-19 10:48:00,102952.00,55.226
2025-05-19 10:51:00,103003.20,157.837
2025-05-19 10:54:00,102948.60,126.547
2025-05-19 10:57:00,102888.30,97.461
2025-05-19 11:00:00,102894.80,185.889
2025-05-19 11:03:00,102934.50,212.229
2025-05-19 11:06:00,102837.60,344.535
2025-05-19 11:09:00,102766.30,796.269
2025-05-19 11:12:00,102824.50,183.069
2025-05-19 11:15:00,102838.70,119.696
2025-05-19 11:18:00,102993.70,258.506
2025-05-19 11:21:00,102965.80,249.599
2025-05-19 11:24:00,102978.50,111.348
2025-05-19 11:27:00,103010.00,124.300
2025-05-19 11:30:00,102961.00,174.740
2025-05-19 11:33:00,102974.20,116.850
2025-05-19 11:36:00,102964.40,108.339
2025-05-19 11:39:00,102984.90,137.518
2025-05-19 11:42:00,102999.70,141.826
2025-05-19 11:45:00,102984.30,128.662
2025-05-19 11:48:00,102963.60,184.419
2025-05-19 11:51:00,102935.40,180.899
2025-05-19 11:54:00,102937.20,104.220
2025-05-19 11:57:00,102912.00,108.823
2025-05-19 12:00:00,102775.10,388.820
2025-05-19 12:03:00,102713.00,689.880
2025-05-19 12:06:00,102726.60,535.023
2025-05-19 12:09:00,102637.60,243.334
2025-05-19 12:12:00,102616.30,572.048
2025-05-19 12:15:00,102515.00,897.084
2025-05-19 12:18:00,102421.10,742.482
2025-05-19 12:21:00,102542.40,354.263
2025-05-19 12:24:00,102602.50,319.404
2025-05-19 12:27:00,102550.30,170.678
2025-05-19 12:30:00,102517.00,340.943
2025-05-19 12:33:00,102359.10,826.258
2025-05-19 12:36:00,102200.50,1731.527
2025-05-19 12:39:00,102214.70,1693.916
2025-05-19 12:42:00,102339.90,522.356
2025-05-19 12:45:00,102313.80,284.381
2025-05-19 12:48:00,102250.10,297.671
2025-05-19 12:51:00,102273.50,173.967
2025-05-19 12:54:00,102271.70,256.009
2025-05-19 12:57:00,102427.50,310.828
2025-05-19 13:00:00,102485.10,834.871
2025-05-19 13:03:00,102484.10,355.170
2025-05-19 13:06:00,102495.00,150.820
2025-05-19 13:09:00,102407.80,287.718
2025-05-19 13:12:00,102297.70,552.132
2025-05-19 13:15:00,102353.60,217.993
2025-05-19 13:18:00,102351.00,264.184
2025-05-19 13:21:00,102450.70,247.414
2025-05-19 13:24:00,102479.50,164.014
2025-05-19 13:27:00,102471.90,281.713
2025-05-19 13:30:00,102557.10,1365.312
2025-05-19 13:33:00,102550.70,942.254
2025-05-19 13:36:00,102882.40,1302.915
2025-05-19 13:39:00,102921.80,1131.389
2025-05-19 13:42:00,102967.90,777.489
2025-05-19 13:45:00,103175.00,1689.848
2025-05-19 13:48:00,103056.00,1356.852
2025-05-19 13:51:00,103288.00,1293.027
2025-05-19 13:54:00,103461.90,2102.735
2025-05-19 13:57:00,103239.80,757.383
2025-05-19 14:00:00,103481.80,1044.394
2025-05-19 14:03:00,103178.00,1158.882
2025-05-19 14:06:00,103442.40,915.806
2025-05-19 14:09:00,103423.90,844.200
2025-05-19 14:12:00,103419.70,300.533
2025-05-19 14:15:00,103685.90,1471.927
2025-05-19 14:18:00,103579.20,852.846
2025-05-19 14:21:00,103508.30,747.121
2025-05-19 14:24:00,103300.00,786.798
2025-05-19 14:27:00,103362.00,507.752
2025-05-19 14:30:00,103450.40,448.215
2025-05-19 14:33:00,103714.00,791.148
2025-05-19 14:36:00,103706.40,398.037
2025-05-19 14:39:00,103715.80,1043.261
2025-05-19 14:42:00,103683.70,520.966
2025-05-19 14:45:00,103926.40,743.633
2025-05-19 14:48:00,103997.30,1021.857
2025-05-19 14:51:00,104085.00,1401.140
2025-05-19 14:54:00,104247.50,1148.534
2025-05-19 14:57:00,104276.20,1229.320
2025-05-19 15:00:00,104340.20,1022.614
2025-05-19 15:03:00,104376.60,1000.265
2025-05-19 15:06:00,104478.40,828.732
2025-05-19 15:09:00,104506.80,1084.959
2025-05-19 15:12:00,104520.10,494.492
2025-05-19 15:15:00,104381.50,1003.433
2025-05-19 15:18:00,104545.80,604.597
2025-05-19 15:21:00,104556.60,1005.945
2025-05-19 15:24:00,104462.80,585.608
2025-05-19 15:27:00,104393.40,335.025
2025-05-19 15:30:00,104639.40,948.064
2025-05-19 15:33:00,104681.00,959.928
2025-05-19 15:36:00,104818.10,1084.615
2025-05-19 15:39:00,104823.30,717.527
2025-05-19 15:42:00,104819.90,514.669
2025-05-19 15:45:00,104845.20,1194.546
2025-05-19 15:48:00,104827.90,538.093
2025-05-19 15:51:00,104728.90,770.998
2025-05-19 15:54:00,104747.40,700.760
2025-05-19 15:57:00,104740.40,482.019
2025-05-19 16:00:00,104748.60,784.229
2025-05-19 16:03:00,104579.40,1395.902
2025-05-19 16:06:00,104464.30,906.485
2025-05-19 16:09:00,104548.40,1329.589
2025-05-19 16:12:00,104537.80,297.594
2025-05-19 16:15:00,104663.10,696.342
2025-05-19 16:18:00,104847.10,509.549
2025-05-19 16:21:00,104899.80,641.504
2025-05-19 16:24:00,104875.30,1523.536
2025-05-19 16:27:00,105058.40,750.265
2025-05-19 16:30:00,104881.50,753.244
2025-05-19 16:33:00,104786.00,751.118
2025-05-19 16:36:00,104776.90,510.447
2025-05-19 16:39:00,104890.60,316.533
2025-05-19 16:42:00,104908.10,193.647
2025-05-19 16:45:00,105044.10,659.087
2025-05-19 16:48:00,105080.90,1082.570
2025-05-19 16:51:00,105154.80,553.831
2025-05-19 16:54:00,105206.60,1071.498
2025-05-19 16:57:00,105314.40,1477.483
2025-05-19 17:00:00,105350.80,868.832
2025-05-19 17:03:00,105425.00,572.508
2025-05-19 17:06:00,105479.80,1095.551
2025-05-19 17:09:00,105139.90,1514.905
2025-05-19 17:12:00,105009.60,1334.595
2025-05-19 17:15:00,105072.10,1261.225
2025-05-19 17:18:00,105118.20,885.890
2025-05-19 17:21:00,105256.00,438.298
2025-05-19 17:24:00,105273.80,608.120
2025-05-19 17:27:00,105177.90,259.576
2025-05-19 17:30:00,105041.70,484.576
2025-05-19 17:33:00,105142.30,522.139
2025-05-19 17:36:00,105182.00,457.629
2025-05-19 17:39:00,105300.50,620.445
2025-05-19 17:42:00,105232.70,277.766
2025-05-19 17:45:00,105374.20,416.078
2025-05-19 17:48:00,105344.90,360.825
2025-05-19 17:51:00,105333.50,230.319
2025-05-19 17:54:00,105338.20,167.769
2025-05-19 17:57:00,105328.50,261.725
2025-05-19 18:00:00,105449.80,492.602
2025-05-19 18:03:00,105468.30,545.109
2025-05-19 18:06:00,105409.80,348.418
2025-05-19 18:09:00,105325.60,215.130
2025-05-19 18:12:00,105253.80,631.992
2025-05-19 18:15:00,105280.20,300.235
2025-05-19 18:18:00,105083.00,813.752
2025-05-19 18:21:00,105149.30,324.214
2025-05-19 18:24:00,105244.40,351.819
2025-05-19 18:27:00,105106.70,341.423
2025-05-19 18:30:00,104713.40,2230.596
2025-05-19 18:33:00,104865.10,801.832
2025-05-19 18:36:00,104910.10,348.897
2025-05-19 18:39:00,104928.40,263.669
2025-05-19 18:42:00,104902.70,315.728
2025-05-19 18:45:00,104857.20,215.983
2025-05-19 18:48:00,104886.20,289.545
2025-05-19 18:51:00,104683.90,539.348
2025-05-19 18:54:00,104676.70,382.487
2025-05-19 18:57:00,104741.20,200.152
2025-05-19 19:00:00,104646.50,463.450
2025-05-19 19:03:00,104689.20,345.732
2025-05-19 19:06:00,104764.50,306.015
2025-05-19 19:09:00,104884.90,320.335
2025-05-19 19:12:00,104830.80,127.275
2025-05-19 19:15:00,104934.20,273.665
2025-05-19 19:18:00,105007.70,1009.451
2025-05-19 19:21:00,104924.10,289.014
2025-05-19 19:24:00,104893.60,166.584
2025-05-19 19:27:00,104862.70,158.518
2025-05-19 19:30:00,104967.10,133.524
2025-05-19 19:33:00,105221.00,1506.252
2025-05-19 19:36:00,105300.00,582.731
2025-05-19 19:39:00,105405.30,634.128
2025-05-19 19:42:00,105402.50,372.149
2025-05-19 19:45:00,105339.50,278.423
2025-05-19 19:48:00,105465.10,286.132
2025-05-19 19:51:00,105480.70,629.003
2025-05-19 19:54:00,105455.60,219.897
2025-05-19 19:57:00,105457.80,262.448
2025-05-19 20:00:00,105584.00,537.632
2025-05-19 20:03:00,105743.10,1301.731
2025-05-19 20:06:00,105660.00,445.825
2025-05-19 20:09:00,105366.10,840.658
2025-05-19 20:12:00,105361.10,195.340
2025-05-19 20:15:00,105439.10,297.926
2025-05-19 20:18:00,105476.80,217.363
2025-05-19 20:21:00,105700.00,402.245
2025-05-19 20:24:00,105677.60,342.911
2025-05-19 20:27:00,105673.70,210.962
2025-05-19 20:30:00,105541.40,232.193
2025-05-19 20:33:00,105461.00,128.811
2025-05-19 20:36:00,105484.70,205.458
2025-05-19 20:39:00,105482.40,217.055
2025-05-19 20:42:00,105354.80,309.953
2025-05-19 20:45:00,105349.90,160.176
2025-05-19 20:48:00,105369.60,249.009
2025-05-19 20:51:00,105323.80,207.733
2025-05-19 20:54:00,105329.10,71.924
2025-05-19 20:57:00,105432.10,252.043
2025-05-19 21:00:00,105415.80,205.050
2025-05-19 21:03:00,105332.80,382.622
2025-05-19 21:06:00,105289.70,172.612
2025-05-19 21:09:00,105383.70,266.278
2025-05-19 21:12:00,105388.20,79.920
2025-05-19 21:15:00,105408.80,145.451
2025-05-19 21:18:00,105294.30,118.067
2025-05-19 21:21:00,105273.50,109.907
2025-05-19 21:24:00,105148.70,390.927
2025-05-19 21:27:00,104997.70,594.869
2025-05-19 21:30:00,105093.00,213.014
2025-05-19 21:33:00,105131.90,97.326
2025-05-19 21:36:00,105143.50,161.896
2025-05-19 21:39:00,105060.40,260.521
2025-05-19 21:42:00,105211.10,141.818
2025-05-19 21:45:00,105221.50,123.109
2025-05-19 21:48:00,105320.30,114.886
2025-05-19 21:51:00,105278.20,76.912
2025-05-19 21:54:00,105393.50,607.593
2025-05-19 21:57:00,105408.50,149.703
2025-05-19 22:00:00,105420.70,228.926
2025-05-19 22:03:00,105399.10,176.472
2025-05-19 22:06:00,105478.40,327.715
2025-05-19 22:09:00,105465.10,346.301
2025-05-19 22:12:00,105394.40,283.745
2025-05-19 22:15:00,105246.50,1291.184
2025-05-19 22:18:00,105220.70,400.420
2025-05-19 22:21:00,105206.10,204.730
2025-05-19 22:24:00,105196.80,250.106
2025-05-19 22:27:00,105168.00,250.101
2025-05-19 22:30:00,105309.00,326.654
2025-05-19 22:33:00,105289.60,189.098
2025-05-19 22:36:00,105257.80,181.126
2025-05-19 22:39:00,105274.90,181.551
2025-05-19 22:42:00,105352.70,230.942
2025-05-19 22:45:00,105562.60,607.147
2025-05-19 22:48:00,105541.70,197.180
2025-05-19 22:51:00,105554.90,133.947
2025-05-19 22:54:00,105522.20,91.253
2025-05-19 22:57:00,105512.10,116.270
2025-05-19 23:00:00,105612.80,235.954
2025-05-19 23:03:00,105729.10,585.953
2025-05-19 23:06:00,105720.90,414.579
2025-05-19 23:09:00,105685.70,261.425
2025-05-19 23:12:00,105633.10,166.687
2025-05-19 23:15:00,105556.90,217.807
2025-05-19 23:18:00,105568.60,177.883
2025-05-19 23:21:00,105512.40,105.727
2025-05-19 23:24:00,105464.40,111.652
2025-05-19 23:27:00,105429.80,121.129
2025-05-19 23:30:00,105482.80,193.596
2025-05-19 23:33:00,105461.10,150.992
2025-05-19 23:36:00,105462.60,259.983
2025-05-19 23:39:00,105509.60,175.788
2025-05-19 23:42:00,105569.00,78.063
2025-05-19 23:45:00,105580.00,159.428
2025-05-19 23:48:00,105618.90,121.299
2025-05-19 23:51:00,105594.30,118.915
2025-05-19 23:54:00,105534.30,75.218
2025-05-19 23:57:00,105531.60,89.940
2025-05-20 00:00:00,105619.00,172.793
2025-05-20 00:03:00,105678.00,224.513
2025-05-20 00:06:00,105888.00,1416.295
2025-05-20 00:09:00,105948.00,619.793
2025-05-20 00:12:00,105949.70,337.561
2025-05-20 00:15:00,106300.00,1828.140
2025-05-20 00:18:00,106365.10,2692.915
2025-05-20 00:21:00,105949.90,1431.885
2025-05-20 00:24:00,105769.50,1471.887
2025-05-20 00:27:00,105599.90,869.464
2025-05-20 00:30:00,105589.90,699.325
2025-05-20 00:33:00,105743.60,488.667
2025-05-20 00:36:00,105981.90,597.473
2025-05-20 00:39:00,106009.80,544.640
2025-05-20 00:42:00,105886.30,369.327
2025-05-20 00:45:00,105768.80,252.590
2025-05-20 00:48:00,105690.60,250.305
2025-05-20 00:51:00,105773.20,272.765
2025-05-20 00:54:00,105698.80,244.204
2025-05-20 00:57:00,105674.90,582.409
2025-05-20 01:00:00,105885.30,347.687
2025-05-20 01:03:00,105867.90,424.821
2025-05-20 01:06:00,105993.50,496.432
2025-05-20 01:09:00,105845.60,444.727
2025-05-20 01:12:00,105768.90,260.225
2025-05-20 01:15:00,105721.00,277.725
2025-05-20 01:18:00,106046.90,608.547
2025-05-20 01:21:00,106177.30,631.684
2025-05-20 01:24:00,106119.70,379.318
2025-05-20 01:27:00,106051.30,127.429
2025-05-20 01:30:00,106285.30,455.886
2025-05-20 01:33:00,106363.80,977.224
2025-05-20 01:36:00,106432.80,558.539
2025-05-20 01:39:00,106286.80,822.775
2025-05-20 01:42:00,106290.00,594.975
2025-05-20 01:45:00,106199.90,267.276
2025-05-20 01:48:00,106330.50,227.948
2025-05-20 01:51:00,106557.00,551.349
2025-05-20 01:54:00,106572.60,677.813
2025-05-20 01:57:00,106407.60,1136.092
2025-05-20 02:00:00,106479.70,363.013
2025-05-20 02:03:00,106526.60,408.691
2025-05-20 02:06:00,106749.20,401.126
2025-05-20 02:09:00,106672.20,351.199
2025-05-20 02:12:00,106604.70,415.575
2025-05-20 02:15:00,106563.20,339.302
2025-05-20 02:18:00,106716.00,502.039
2025-05-20 02:21:00,106755.30,402.546
2025-05-20 02:24:00,106581.60,1030.614
2025-05-20 02:27:00,106414.00,655.355
2025-05-20 02:30:00,106330.10,553.264
2025-05-20 02:33:00,106411.00,518.988
2025-05-20 02:36:00,106234.40,566.715
2025-05-20 02:39:00,106275.00,325.541
2025-05-20 02:42:00,106180.40,376.027
2025-05-20 02:45:00,106109.90,485.898
2025-05-20 02:48:00,106161.00,387.155
2025-05-20 02:51:00,106059.90,282.802
2025-05-20 02:54:00,105975.90,363.222
2025-05-20 02:57:00,106060.00,324.870
2025-05-20 03:00:00,105963.80,318.040
2025-05-20 03:03:00,106129.10,386.422
2025-05-20 03:06:00,105987.20,191.572
2025-05-20 03:09:00,105925.50,216.939
2025-05-20 03:12:00,105878.40,298.921
2025-05-20 03:15:00,105817.60,551.122
2025-05-20 03:18:00,105919.80,577.925
2025-05-20 03:21:00,106035.20,474.553
2025-05-20 03:24:00,106087.30,244.002
2025-05-20 03:27:00,106039.70,373.986
2025-05-20 03:30:00,105749.00,1140.069
2025-05-20 03:33:00,105665.00,829.752
2025-05-20 03:36:00,105699.30,183.885
2025-05-20 03:39:00,105720.70,248.185
2025-05-20 03:42:00,105678.60,172.635
2025-05-20 03:45:00,105594.00,420.790
2025-05-20 03:48:00,105600.90,636.902
2025-05-20 03:51:00,105657.10,290.178
2025-05-20 03:54:00,105717.90,191.598
2025-05-20 03:57:00,105720.00,195.999
2025-05-20 04:00:00,105635.40,362.516
2025-05-20 04:03:00,105556.10,265.583
2025-05-20 04:06:00,105534.10,145.814
2025-05-20 04:09:00,105535.00,123.436
2025-05-20 04:12:00,105564.60,205.871
2025-05-20 04:15:00,105625.40,142.202
2025-05-20 04:18:00,105633.10,137.621
2025-05-20 04:21:00,105538.10,145.364
2025-05-20 04:24:00,105608.00,79.038
2025-05-20 04:27:00,105523.00,103.677
2025-05-20 04:30:00,105609.50,218.492
2025-05-20 04:33:00,105643.10,110.950
2025-05-20 04:36:00,105697.50,160.487
2025-05-20 04:39:00,105729.50,143.179
2025-05-20 04:42:00,105666.10,143.376
2025-05-20 04:45:00,105842.80,1324.454
2025-05-20 04:48:00,105956.30,749.955
2025-05-20 04:51:00,106045.50,435.872
2025-05-20 04:54:00,106183.10,825.312
2025-05-20 04:57:00,106181.20,240.851
2025-05-20 05:00:00,106127.10,331.631
2025-05-20 05:03:00,106101.00,438.221
2025-05-20 05:06:00,106195.50,251.262
2025-05-20 05:09:00,106293.30,571.538
2025-05-20 05:12:00,106306.60,314.377
2025-05-20 05:15:00,106342.70,161.707
2025-05-20 05:18:00,106266.90,160.797
2025-05-20 05:21:00,106237.60,215.972
2025-05-20 05:24:00,106302.40,331.902
2025-05-20 05:27:00,106293.70,82.996
2025-05-20 05:30:00,106213.50,470.793
2025-05-20 05:33:00,106162.80,263.621
2025-05-20 05:36:00,106142.10,572.082
2025-05-20 05:39:00,106057.40,463.761
2025-05-20 05:42:00,106053.10,188.877
2025-05-20 05:45:00,106069.60,154.492
2025-05-20 05:48:00,106167.10,148.346
2025-05-20 05:51:00,106139.70,90.604
2025-05-20 05:54:00,106139.10,73.674
2025-05-20 05:57:00,106065.60,98.356
2025-05-20 06:00:00,106129.40,145.075
2025-05-20 06:03:00,106009.70,257.507
2025-05-20 06:06:00,105871.80,602.112
2025-05-20 06:09:00,105861.70,361.832
2025-05-20 06:12:00,105788.10,310.041
2025-05-20 06:15:00,105714.80,312.475
2025-05-20 06:18:00,105534.40,387.931
2025-05-20 06:21:00,105575.20,465.179
2025-05-20 06:24:00,105400.00,732.868
2025-05-20 06:27:00,105440.00,714.320
2025-05-20 06:30:00,105400.00,369.666
2025-05-20 06:33:00,105443.00,267.195
2025-05-20 06:36:00,105450.90,189.039
2025-05-20 06:39:00,105478.10,185.154
2025-05-20 06:42:00,105464.80,154.196
2025-05-20 06:45:00,105604.30,384.588
2025-05-20 06:48:00,105585.10,231.432
2025-05-20 06:51:00,105514.30,131.148
2025-05-20 06:54:00,105523.00,131.741
2025-05-20 06:57:00,105411.80,185.890
2025-05-20 07:00:00,105364.70,265.457
2025-05-20 07:03:00,105348.20,348.554
2025-05-20 07:06:00,105565.80,931.015
2025-05-20 07:09:00,105621.60,596.999
2025-05-20 07:12:00,105632.80,378.328
2025-05-20 07:15:00,105413.40,294.458
2025-05-20 07:18:00,105470.20,173.758
2025-05-20 07:21:00,105480.00,144.914
2025-05-20 07:24:00,105472.10,161.591
2025-05-20 07:27:00,105476.70,67.390
2025-05-20 07:30:00,105485.20,208.092
2025-05-20 07:33:00,105311.70,187.081
2025-05-20 07:36:00,105155.30,918.385
2025-05-20 07:39:00,105105.70,883.481
2025-05-20 07:42:00,105039.50,801.271
2025-05-20 07:45:00,105042.00,589.545
2025-05-20 07:48:00,105000.10,1213.251
2025-05-20 07:51:00,104988.20,405.631
2025-05-20 07:54:00,105071.40,396.048
2025-05-20 07:57:00,104980.10,286.911
2025-05-20 08:00:00,105104.00,741.263
2025-05-20 08:03:00,105094.60,415.158
2025-05-20 08:06:00,105075.90,196.403
2025-05-20 08:09:00,105046.70,246.627
2025-05-20 08:12:00,104906.40,519.389
2025-05-20 08:15:00,104927.40,349.520
2025-05-20 08:18:00,104961.40,322.478
2025-05-20 08:21:00,104966.20,195.991
2025-05-20 08:24:00,104901.30,177.163
2025-05-20 08:27:00,104857.50,290.831
2025-05-20 08:30:00,104977.00,381.449
2025-05-20 08:33:00,104951.10,242.925
2025-05-20 08:36:00,104873.60,175.084
2025-05-20 08:39:00,104979.50,116.774
2025-05-20 08:42:00,105115.00,383.691
2025-05-20 08:45:00,105161.60,928.816
2025-05-20 08:48:00,105141.20,337.841
2025-05-20 08:51:00,105110.40,271.048
2025-05-20 08:54:00,105129.00,149.848
2025-05-20 08:57:00,105182.10,305.836
2025-05-20 09:00:00,105261.80,848.032
2025-05-20 09:03:00,105238.90,241.592
2025-05-20 09:06:00,105271.60,416.580
2025-05-20 09:09:00,105221.20,353.701
2025-05-20 09:12:00,105211.40,233.870
2025-05-20 09:15:00,105222.00,164.667
2025-05-20 09:18:00,105200.50,167.925
2025-05-20 09:21:00,105282.90,210.068
2025-05-20 09:24:00,105269.40,196.916
2025-05-20 09:27:00,105280.00,90.859
2025-05-20 09:30:00,105301.90,228.814
2025-05-20 09:33:00,105312.40,253.533
2025-05-20 09:36:00,105308.80,115.732
2025-05-20 09:39:00,105325.30,79.137
2025-05-20 09:42:00,105325.00,110.492
2025-05-20 09:45:00,105311.70,114.506
2025-05-20 09:48:00,105335.90,99.791
2025-05-20 09:51:00,105256.60,225.925
2025-05-20 09:54:00,105256.40,109.336
2025-05-20 09:57:00,105238.20,238.494
2025-05-20 10:00:00,105228.80,201.525
2025-05-20 10:03:00,105245.60,116.066
2025-05-20 10:06:00,105298.10,321.080
2025-05-20 10:09:00,105177.40,620.022
2025-05-20 10:12:00,105189.60,323.639
2025-05-20 10:15:00,105216.50,186.855
2025-05-20 10:18:00,105105.60,285.858
2025-05-20 10:21:00,105219.00,135.328
2025-05-20 10:24:00,105231.20,232.435
2025-05-20 10:27:00,105201.20,108.884
2025-05-20 10:30:00,105070.90,122.095
2025-05-20 10:33:00,105040.00,229.693
2025-05-20 10:36:00,105032.80,257.424
2025-05-20 10:39:00,104999.50,299.286
2025-05-20 10:42:00,105123.70,169.461
2025-05-20 10:45:00,105014.60,168.058
2025-05-20 10:48:00,105041.00,93.637
2025-05-20 10:51:00,105060.70,111.931
2025-05-20 10:54:00,104973.90,377.216
2025-05-20 10:57:00,104974.50,135.192
2025-05-20 11:00:00,104964.00,213.297
2025-05-20 11:03:00,104918.40,160.049
2025-05-20 11:06:00,104920.00,117.557
2025-05-20 11:09:00,104961.50,218.159
2025-05-20 11:12:00,104974.80,337.358
2025-05-20 11:15:00,104920.30,299.160
2025-05-20 11:18:00,104895.20,219.091
2025-05-20 11:21:00,104868.50,121.418
2025-05-20 11:24:00,105020.50,223.326
2025-05-20 11:27:00,105095.00,404.190
2025-05-20 11:30:00,105178.10,506.369
2025-05-20 11:33:00,105192.10,581.228
2025-05-20 11:36:00,105261.80,321.709
2025-05-20 11:39:00,105254.10,293.436
2025-05-20 11:42:00,105281.90,231.476
2025-05-20 11:45:00,105222.40,193.136
2025-05-20 11:48:00,105192.60,145.008
2025-05-20 11:51:00,105152.40,175.260
2025-05-20 11:54:00,105127.20,111.551
2025-05-20 11:57:00,105159.20,173.571
2025-05-20 12:00:00,105065.50,504.497
2025-05-20 12:03:00,105063.00,157.675
2025-05-20 12:06:00,105051.10,230.808
2025-05-20 12:09:00,105012.70,440.860
2025-05-20 12:12:00,104980.00,136.791
2025-05-20 12:15:00,104950.50,154.198
2025-05-20 12:18:00,104895.40,222.395
2025-05-20 12:21:00,104792.60,1205.617
2025-05-20 12:24:00,104820.40,518.905
2025-05-20 12:27:00,104769.10,290.640
2025-05-20 12:30:00,104774.50,256.768
2025-05-20 12:33:00,104648.40,911.197
2025-05-20 12:36:00,104620.40,409.437
2025-05-20 12:39:00,104609.80,404.130
2025-05-20 12:42:00,104687.20,246.187
2025-05-20 12:45:00,104658.70,285.616
2025-05-20 12:48:00,104646.60,300.249
2025-05-20 12:51:00,104770.30,382.737
2025-05-20 12:54:00,104733.50,286.067
2025-05-20 12:57:00,104718.60,187.242
2025-05-20 13:00:00,104780.20,568.429
2025-05-20 13:03:00,104645.60,187.499
2025-05-20 13:06:00,104611.80,340.754
2025-05-20 13:09:00,104604.90,271.890
2025-05-20 13:12:00,104534.90,414.693
2025-05-20 13:15:00,104531.90,301.951
2025-05-20 13:18:00,104654.90,406.033
2025-05-20 13:21:00,104645.30,455.197
2025-05-20 13:24:00,104638.10,220.196
2025-05-20 13:27:00,104561.80,232.512
2025-05-20 13:30:00,104449.50,964.466
2025-05-20 13:33:00,104375.00,753.885
2025-05-20 13:36:00,104402.20,1884.886
2025-05-20 13:39:00,104345.60,929.188
2025-05-20 13:42:00,104188.60,1886.454
2025-05-20 13:45:00,104156.10,1283.953
2025-05-20 13:48:00,104208.30,1242.944
2025-05-20 13:51:00,104450.30,1304.471
2025-05-20 13:54:00,104504.90,1227.253
2025-05-20 13:57:00,104395.50,415.189
2025-05-20 14:00:00,104244.40,505.250
2025-05-20 14:03:00,104527.20,607.131
2025-05-20 14:06:00,104530.20,469.388
2025-05-20 14:09:00,104535.80,577.601
2025-05-20 14:12:00,104453.20,459.979
2025-05-20 14:15:00,104573.60,365.162
2025-05-20 14:18:00,104862.00,1319.932
2025-05-20 14:21:00,104872.30,1205.041
2025-05-20 14:24:00,104799.90,568.548
2025-05-20 14:27:00,104641.30,257.278
2025-05-20 14:30:00,104643.40,474.298
2025-05-20 14:33:00,104512.10,529.085
2025-05-20 14:36:00,104640.10,481.833
2025-05-20 14:39:00,104649.20,307.168
2025-05-20 14:42:00,104715.70,210.449
2025-05-20 14:45:00,104877.40,568.030
2025-05-20 14:48:00,104705.60,474.276
2025-05-20 14:51:00,104598.00,428.640
2025-05-20 14:54:00,104632.90,226.466
2025-05-20 14:57:00,104469.20,285.675
2025-05-20 15:00:00,104583.00,389.723
2025-05-20 15:03:00,104544.80,160.906
2025-05-20 15:06:00,104629.40,257.027
2025-05-20 15:09:00,104648.60,211.493
2025-05-20 15:12:00,104747.80,303.911
2025-05-20 15:15:00,104784.70,297.619
2025-05-20 15:18:00,104756.80,168.032
2025-05-20 15:21:00,104592.40,187.965
2025-05-20 15:24:00,104808.90,186.982
2025-05-20 15:27:00,105044.50,1012.820
2025-05-20 15:30:00,105086.00,987.695
2025-05-20 15:33:00,105120.70,514.366
2025-05-20 15:36:00,105286.40,944.120
2025-05-20 15:39:00,105101.30,528.214
2025-05-20 15:42:00,105053.90,360.075
2025-05-20 15:45:00,105068.70,163.860
2025-05-20 15:48:00,105109.50,361.423
2025-05-20 15:51:00,105205.00,244.935
2025-05-20 15:54:00,105340.00,620.879
2025-05-20 15:57:00,105294.50,406.322
2025-05-20 16:00:00,105354.00,507.156
2025-05-20 16:03:00,105343.80,627.418
2025-05-20 16:06:00,105180.00,447.118
2025-05-20 16:09:00,105068.00,444.269
2025-05-20 16:12:00,105097.40,238.131
2025-05-20 16:15:00,105240.60,268.698
2025-05-20 16:18:00,105436.10,276.417
2025-05-20 16:21:00,105423.70,503.664
2025-05-20 16:24:00,105202.80,370.578
2025-05-20 16:27:00,105204.00,220.275
2025-05-20 16:30:00,105272.40,183.818
2025-05-20 16:33:00,105264.00,140.982
2025-05-20 16:36:00,105393.40,244.809
2025-05-20 16:39:00,105352.80,100.846
2025-05-20 16:42:00,105320.60,187.293
2025-05-20 16:45:00,105314.00,106.001
2025-05-20 16:48:00,105239.00,281.523
2025-05-20 16:51:00,105225.40,127.385
2025-05-20 16:54:00,105154.20,239.649
2025-05-20 16:57:00,105159.60,127.052
2025-05-20 17:00:00,105311.30,246.468
2025-05-20 17:03:00,105480.10,435.144
2025-05-20 17:06:00,105632.90,1534.002
2025-05-20 17:09:00,105834.80,2011.580
2025-05-20 17:12:00,106051.10,3522.935
2025-05-20 17:15:00,106096.80,1011.181
2025-05-20 17:18:00,105964.10,601.604
2025-05-20 17:21:00,105929.50,498.433
2025-05-20 17:24:00,106094.00,462.630
2025-05-20 17:27:00,106080.10,423.475
2025-05-20 17:30:00,105999.90,457.201
2025-05-20 17:33:00,106082.30,433.446
2025-05-20 17:36:00,106015.50,262.885
2025-05-20 17:39:00,106117.00,166.189
2025-05-20 17:42:00,106157.70,399.751
2025-05-20 17:45:00,106177.30,1242.361
2025-05-20 17:48:00,106256.30,370.202
2025-05-20 17:51:00,106210.00,422.463
2025-05-20 17:54:00,106148.30,399.861
2025-05-20 17:57:00,106153.60,399.968
2025-05-20 18:00:00,106142.10,449.347
2025-05-20 18:03:00,106216.40,293.456
2025-05-20 18:06:00,106297.00,519.442
2025-05-20 18:09:00,106315.60,413.927
2025-05-20 18:12:00,106216.30,225.268
2025-05-20 18:15:00,106090.50,562.600
2025-05-20 18:18:00,106137.80,339.179
2025-05-20 18:21:00,105909.90,1241.260
2025-05-20 18:24:00,105968.90,508.136
2025-05-20 18:27:00,105730.20,815.610
2025-05-20 18:30:00,105705.30,1201.960
2025-05-20 18:33:00,105904.40,624.558
2025-05-20 18:36:00,106005.00,647.262
2025-05-20 18:39:00,105745.10,434.038
2025-05-20 18:42:00,105615.00,586.831
2025-05-20 18:45:00,105456.80,706.240
2025-05-20 18:48:00,105412.40,1007.160
2025-05-20 18:51:00,105498.80,576.531
2025-05-20 18:54:00,105325.10,392.277
2025-05-20 18:57:00,105242.40,964.616
2025-05-20 19:00:00,105240.70,800.921
2025-05-20 19:03:00,105461.90,734.234
2025-05-20 19:06:00,105617.60,1062.610
2025-05-20 19:09:00,105651.00,505.776
2025-05-20 19:12:00,105799.80,670.841
2025-05-20 19:15:00,105856.60,556.721
2025-05-20 19:18:00,106091.70,559.536
2025-05-20 19:21:00,106229.10,834.107
2025-05-20 19:24:00,106220.90,1053.138
2025-05-20 19:27:00,106267.00,799.362
2025-05-20 19:30:00,106423.30,1121.345
2025-05-20 19:33:00,106438.20,652.102
2025-05-20 19:36:00,106451.20,389.527
2025-05-20 19:39:00,106490.30,583.401
2025-05-20 19:42:00,106476.90,1109.403
2025-05-20 19:45:00,106693.70,1112.634
2025-05-20 19:48:00,106846.20,1591.404
2025-05-20 19:51:00,106787.60,992.366
2025-05-20 19:54:00,107053.50,1811.782
2025-05-20 19:57:00,106972.20,4192.621
2025-05-20 20:00:00,106618.60,2309.622
2025-05-20 20:03:00,106717.10,1188.912
2025-05-20 20:06:00,106647.90,744.182
2025-05-20 20:09:00,106818.90,610.243
2025-05-20 20:12:00,106573.10,715.475
2025-05-20 20:15:00,106485.50,1408.670
2025-05-20 20:18:00,106761.70,1048.530
2025-05-20 20:21:00,106668.20,433.762
2025-05-20 20:24:00,106585.80,373.128
2025-05-20 20:27:00,106657.40,578.711
2025-05-20 20:30:00,106574.00,200.283
2025-05-20 20:33:00,106664.50,307.823
2025-05-20 20:36:00,106531.50,460.414
2025-05-20 20:39:00,106514.30,145.053
2025-05-20 20:42:00,106698.90,171.550
2025-05-20 20:45:00,107124.10,1214.780
2025-05-20 20:48:00,107161.30,1568.809
2025-05-20 20:51:00,106908.50,578.349
2025-05-20 20:54:00,106854.80,680.536
2025-05-20 20:57:00,106870.70,316.610
2025-05-20 21:00:00,106972.00,411.162
2025-05-20 21:03:00,107120.20,678.249
2025-05-20 21:06:00,106960.70,328.313
2025-05-20 21:09:00,106604.20,1047.801
2025-05-20 21:12:00,106444.20,1040.227
2025-05-20 21:15:00,106599.90,290.709
2025-05-20 21:18:00,106498.70,208.493
2025-05-20 21:21:00,106595.10,222.643
2025-05-20 21:24:00,106517.80,250.681
2025-05-20 21:27:00,106279.50,583.596
2025-05-20 21:30:00,106249.90,859.422
2025-05-20 21:33:00,106425.80,291.393
2025-05-20 21:36:00,106344.20,236.467
2025-05-20 21:39:00,106317.90,192.149
2025-05-20 21:42:00,106461.70,162.496
2025-05-20 21:45:00,106540.00,164.007
2025-05-20 21:48:00,106549.60,138.623
2025-05-20 21:51:00,106644.20,132.554
2025-05-20 21:54:00,106660.10,314.039
2025-05-20 21:57:00,106566.50,94.957
2025-05-20 22:00:00,106620.30,229.490
2025-05-20 22:03:00,106336.50,285.320
2025-05-20 22:06:00,106333.70,402.577
2025-05-20 22:09:00,106354.10,491.926
2025-05-20 22:12:00,106286.40,560.748
2025-05-20 22:15:00,106119.80,984.274
2025-05-20 22:18:00,106074.30,455.726
2025-05-20 22:21:00,105904.70,951.522
2025-05-20 22:24:00,106135.80,634.761
2025-05-20 22:27:00,106305.20,883.729
2025-05-20 22:30:00,106285.20,313.567
2025-05-20 22:33:00,106148.70,227.245
2025-05-20 22:36:00,106211.60,187.524
2025-05-20 22:39:00,106232.00,96.541
2025-05-20 22:42:00,106510.10,572.865
2025-05-20 22:45:00,106540.10,568.928
2025-05-20 22:48:00,106514.70,158.494
2025-05-20 22:51:00,106623.70,454.499
2025-05-20 22:54:00,106782.80,1405.075
2025-05-20 22:57:00,106718.30,149.663
2025-05-20 23:00:00,106735.90,265.614
2025-05-20 23:03:00,106854.90,294.994
2025-05-20 23:06:00,106777.60,467.354
2025-05-20 23:09:00,106777.40,82.464
2025-05-20 23:12:00,106830.10,202.940
2025-05-20 23:15:00,106940.20,573.080
2025-05-20 23:18:00,106936.20,921.696
2025-05-20 23:21:00,107048.00,454.146
2025-05-20 23:24:00,106980.10,379.318
2025-05-20 23:27:00,106928.90,403.628
2025-05-20 23:30:00,106915.80,249.538
2025-05-20 23:33:00,106881.30,230.173
2025-05-20 23:36:00,106807.70,408.663
2025-05-20 23:39:00,106758.60,351.473
2025-05-20 23:42:00,106705.20,274.539
2025-05-20 23:45:00,106738.40,567.650
2025-05-20 23:48:00,106794.50,182.002
2025-05-20 23:51:00,106630.80,128.191
2025-05-20 23:54:00,106700.00,177.791
2025-05-20 23:57:00,106800.10,168.662
2025-05-21 00:00:00,106768.20,315.891
2025-05-21 00:03:00,106790.40,500.721
2025-05-21 00:06:00,106818.10,227.387
2025-05-21 00:09:00,106887.50,121.502
2025-05-21 00:12:00,106958.80,350.843
2025-05-21 00:15:00,106915.60,1006.566
2025-05-21 00:18:00,106800.00,691.316
2025-05-21 00:21:00,106735.50,429.816
2025-05-21 00:24:00,106657.60,213.185
2025-05-21 00:27:00,106555.90,673.045
2025-05-21 00:30:00,106766.20,330.749
2025-05-21 00:33:00,106451.40,493.980
2025-05-21 00:36:00,106434.30,468.348
2025-05-21 00:39:00,106664.60,275.309
2025-05-21 00:42:00,106635.70,151.346
2025-05-21 00:45:00,106793.90,201.386
2025-05-21 00:48:00,106833.90,234.767
2025-05-21 00:51:00,106675.00,142.193
2025-05-21 00:54:00,106679.90,120.944
2025-05-21 00:57:00,106700.00,59.394
2025-05-21 01:00:00,106757.30,145.134
2025-05-21 01:03:00,106762.10,136.685
2025-05-21 01:06:00,106913.20,328.277
2025-05-21 01:09:00,106940.80,221.234
2025-05-21 01:12:00,106856.30,385.369
2025-05-21 01:15:00,106851.00,123.662
2025-05-21 01:18:00,106964.40,229.872
2025-05-21 01:21:00,106711.20,455.183
2025-05-21 01:24:00,106644.90,143.533
2025-05-21 01:27:00,106737.40,224.013
2025-05-21 01:30:00,106728.40,114.140
2025-05-21 01:33:00,106800.10,177.609
2025-05-21 01:36:00,106749.50,103.578
2025-05-21 01:39:00,106810.10,103.615
2025-05-21 01:42:00,106759.80,54.795
2025-05-21 01:45:00,106685.40,83.833
2025-05-21 01:48:00,106734.10,68.812
2025-05-21 01:51:00,106653.90,166.365
2025-05-21 01:54:00,106590.00,336.790
2025-05-21 01:57:00,106440.20,435.092
2025-05-21 02:00:00,106327.00,492.268
2025-05-21 02:03:00,106315.30,474.660
2025-05-21 02:06:00,106186.80,420.759
2025-05-21 02:09:00,106299.90,433.964
2025-05-21 02:12:00,106371.30,238.380
2025-05-21 02:15:00,106388.00,303.147
2025-05-21 02:18:00,106249.00,524.316
2025-05-21 02:21:00,106279.10,206.914
2025-05-21 02:24:00,106446.70,385.735
2025-05-21 02:27:00,106446.90,94.276
2025-05-21 02:30:00,106555.50,208.185
2025-05-21 02:33:00,106730.40,513.056
2025-05-21 02:36:00,106726.40,191.258
2025-05-21 02:39:00,106704.70,150.041
2025-05-21 02:42:00,106695.00,110.547
2025-05-21 02:45:00,106762.70,137.013
2025-05-21 02:48:00,106690.10,203.341
2025-05-21 02:51:00,106821.80,399.643
2025-05-21 02:54:00,106820.20,187.182
2025-05-21 02:57:00,106804.80,135.626
2025-05-21 03:00:00,106784.40,262.974
2025-05-21 03:03:00,106741.60,132.400
2025-05-21 03:06:00,106844.40,190.843
2025-05-21 03:09:00,106897.40,209.559
2025-05-21 03:12:00,106856.80,196.810
2025-05-21 03:15:00,106794.00,161.736
2025-05-21 03:18:00,106859.10,93.687
2025-05-21 03:21:00,106930.50,132.806
2025-05-21 03:24:00,106926.40,389.595
2025-05-21 03:27:00,106965.20,302.724
2025-05-21 03:30:00,106891.40,373.398
2025-05-21 03:33:00,106963.60,665.055
2025-05-21 03:36:00,107007.00,309.494
2025-05-21 03:39:00,106950.00,438.587
2025-05-21 03:42:00,106950.10,191.342
2025-05-21 03:45:00,106999.90,194.584
2025-05-21 03:48:00,107011.80,392.720
2025-05-21 03:51:00,106939.20,245.956
2025-05-21 03:54:00,106780.00,903.987
2025-05-21 03:57:00,106791.00,266.886
2025-05-21 04:00:00,106763.40,467.019
2025-05-21 04:03:00,106902.20,264.483
2025-05-21 04:06:00,106886.60,340.781
2025-05-21 04:09:00,106815.60,139.994
2025-05-21 04:12:00,106815.70,83.003
2025-05-21 04:15:00,106858.00,123.919
2025-05-21 04:18:00,106845.40,95.126
2025-05-21 04:21:00,106851.10,109.414
2025-05-21 04:24:00,106851.60,85.414
2025-05-21 04:27:00,106763.60,153.309
2025-05-21 04:30:00,106836.70,123.949
2025-05-21 04:33:00,106940.70,145.597
2025-05-21 04:36:00,107135.60,849.851
2025-05-21 04:39:00,107382.00,5182.664
2025-05-21 04:42:00,107480.00,1199.451
2025-05-21 04:45:00,107361.80,930.876
2025-05-21 04:48:00,107245.00,421.976
2025-05-21 04:51:00,107222.50,535.321
2025-05-21 04:54:00,107264.70,290.511
2025-05-21 04:57:00,107247.40,628.524
2025-05-21 05:00:00,107450.60,724.685
2025-05-21 05:03:00,107427.00,777.261
2025-05-21 05:06:00,107416.30,384.994
2025-05-21 05:09:00,107518.00,448.907
2025-05-21 05:12:00,107385.10,487.744
2025-05-21 05:15:00,107484.10,383.230
2025-05-21 05:18:00,107604.20,468.713
2025-05-21 05:21:00,107587.50,451.549
2025-05-21 05:24:00,107635.60,460.234
2025-05-21 05:27:00,107500.00,457.769
2025-05-21 05:30:00,107601.50,223.491
2025-05-21 05:33:00,107599.90,395.955
2025-05-21 05:36:00,107388.20,776.083
2025-05-21 05:39:00,107353.20,340.414
2025-05-21 05:42:00,107396.70,447.191
2025-05-21 05:45:00,107349.20,240.304
2025-05-21 05:48:00,107427.40,225.937
2025-05-21 05:51:00,107570.00,310.591
2025-05-21 05:54:00,107550.70,153.050
2025-05-21 05:57:00,107490.10,175.919
2025-05-21 06:00:00,107525.90,790.456
2025-05-21 06:03:00,107350.10,299.774
2025-05-21 06:06:00,107318.60,250.655
2025-05-21 06:09:00,107318.10,197.837
2025-05-21 06:12:00,107371.20,341.815
2025-05-21 06:15:00,107279.90,247.635
2025-05-21 06:18:00,107496.60,307.580
2025-05-21 06:21:00,107530.40,301.931
2025-05-21 06:24:00,107680.00,669.850
2025-05-21 06:27:00,107827.60,2219.955
2025-05-21 06:30:00,107843.60,1281.020
2025-05-21 06:33:00,107911.70,803.268
2025-05-21 06:36:00,107741.60,703.913
2025-05-21 06:39:00,107779.40,395.361
2025-05-21 06:42:00,107892.70,492.197
2025-05-21 06:45:00,107734.20,576.272
2025-05-21 06:48:00,107741.60,333.705
2025-05-21 06:51:00,107795.40,342.017
2025-05-21 06:54:00,107782.90,234.106
2025-05-21 06:57:00,107710.60,350.708
2025-05-21 07:00:00,107660.30,686.235
2025-05-21 07:03:00,107655.90,475.025
2025-05-21 07:06:00,107658.60,228.902
2025-05-21 07:09:00,107595.00,210.181
2025-05-21 07:12:00,107392.70,702.119
2025-05-21 07:15:00,107021.00,2197.301
2025-05-21 07:18:00,107175.80,877.992
2025-05-21 07:21:00,106888.10,1225.304
2025-05-21 07:24:00,106974.60,1143.020
2025-05-21 07:27:00,106940.30,477.302
2025-05-21 07:30:00,106580.70,2631.249
2025-05-21 07:33:00,106683.50,906.567
2025-05-21 07:36:00,106477.00,829.370
2025-05-21 07:39:00,106521.50,946.768
2025-05-21 07:42:00,106613.30,843.609
2025-05-21 07:45:00,106581.00,576.802
2025-05-21 07:48:00,106655.10,655.128
2025-05-21 07:51:00,106745.50,750.553
2025-05-21 07:54:00,106591.90,535.072
2025-05-21 07:57:00,106463.60,990.306
2025-05-21 08:00:00,106616.10,1567.562
2025-05-21 08:03:00,106612.50,392.099
2025-05-21 08:06:00,106650.70,183.946
2025-05-21 08:09:00,106710.70,328.647
2025-05-21 08:12:00,106700.20,459.530
2025-05-21 08:15:00,106469.20,504.077
2025-05-21 08:18:00,106357.00,1237.293
2025-05-21 08:21:00,106350.50,596.415
2025-05-21 08:24:00,106412.50,316.246
2025-05-21 08:27:00,106415.90,167.353
2025-05-21 08:30:00,106423.90,415.752
2025-05-21 08:33:00,106395.20,327.192
2025-05-21 08:36:00,106427.60,242.182
2025-05-21 08:39:00,106395.10,119.408
2025-05-21 08:42:00,106361.70,208.907
2025-05-21 08:45:00,106340.00,203.590
2025-05-21 08:48:00,106399.50,330.197
2025-05-21 08:51:00,106319.20,181.713
2025-05-21 08:54:00,106351.10,226.751
2025-05-21 08:57:00,106339.60,140.449
2025-05-21 09:00:00,106330.30,157.422
2025-05-21 09:03:00,106314.90,1134.391
2025-05-21 09:06:00,106370.20,530.631
2025-05-21 09:09:00,106292.80,449.908
2025-05-21 09:12:00,106271.80,402.001
2025-05-21 09:15:00,106253.90,203.829
2025-05-21 09:18:00,106219.90,904.399
2025-05-21 09:21:00,106308.10,268.838
2025-05-21 09:24:00,106361.90,220.559
2025-05-21 09:27:00,106305.80,303.572
2025-05-21 09:30:00,106176.30,466.941
2025-05-21 09:33:00,106210.10,257.507
2025-05-21 09:36:00,106226.60,195.237
2025-05-21 09:39:00,106121.50,586.461
2025-05-21 09:42:00,106100.00,644.394
2025-05-21 09:45:00,106071.40,491.063
2025-05-21 09:48:00,106070.00,191.105
2025-05-21 09:51:00,106102.40,210.181
2025-05-21 09:54:00,106139.30,224.617
2025-05-21 09:57:00,106154.40,355.243
2025-05-21 10:00:00,106149.70,273.425
2025-05-21 10:03:00,106121.60,666.903
2025-05-21 10:06:00,106145.00,353.471
2025-05-21 10:09:00,106234.80,300.340
2025-05-21 10:12:00,106350.30,857.494
2025-05-21 10:15:00,106244.10,605.199
2025-05-21 10:18:00,106121.60,247.712
2025-05-21 10:21:00,106111.50,349.285
2025-05-21 10:24:00,106121.60,200.430
2025-05-21 10:27:00,106220.10,186.820
2025-05-21 10:30:00,106286.20,398.592
2025-05-21 10:33:00,106281.60,409.695
2025-05-21 10:36:00,106333.00,386.178
2025-05-21 10:39:00,106258.90,329.126
2025-05-21 10:42:00,106309.70,111.701
2025-05-21 10:45:00,106260.10,269.555
2025-05-21 10:48:00,106240.60,135.561
2025-05-21 10:51:00,106292.40,418.459
2025-05-21 10:54:00,106298.60,260.299
2025-05-21 10:57:00,106290.20,135.925
2025-05-21 11:00:00,106256.20,271.709
2025-05-21 11:03:00,106298.20,298.576
2025-05-21 11:06:00,106318.00,239.473
2025-05-21 11:09:00,106379.10,484.053
2025-05-21 11:12:00,106444.20,530.566
2025-05-21 11:15:00,106508.80,870.007
2025-05-21 11:18:00,106600.00,989.350
2025-05-21 11:21:00,106608.60,463.468
2025-05-21 11:24:00,106550.50,386.730
2025-05-21 11:27:00,106623.70,270.775
2025-05-21 11:30:00,106582.70,268.995
2025-05-21 11:33:00,106550.90,183.661
2025-05-21 11:36:00,106506.80,337.383
2025-05-21 11:39:00,106501.50,125.924
2025-05-21 11:42:00,106547.70,284.093
2025-05-21 11:45:00,106415.10,303.725
2025-05-21 11:48:00,106491.10,239.093
2025-05-21 11:51:00,106472.70,102.586
2025-05-21 11:54:00,106476.70,87.472
2025-05-21 11:57:00,106490.90,197.314
2025-05-21 12:00:00,106493.60,290.775
2025-05-21 12:03:00,106433.30,204.895
2025-05-21 12:06:00,106393.60,360.211
2025-05-21 12:09:00,106388.00,144.227
2025-05-21 12:12:00,106472.10,194.696
2025-05-21 12:15:00,106580.20,267.421
2025-05-21 12:18:00,106664.00,733.869
2025-05-21 12:21:00,106658.30,250.315
2025-05-21 12:24:00,106707.00,425.494
2025-05-21 12:27:00,106782.80,757.694
2025-05-21 12:30:00,106608.00,437.852
2025-05-21 12:33:00,106611.30,316.104
2025-05-21 12:36:00,106600.00,177.537
2025-05-21 12:39:00,106585.90,125.755
2025-05-21 12:42:00,106583.10,139.525
2025-05-21 12:45:00,106485.80,310.412
2025-05-21 12:48:00,106587.40,174.149
2025-05-21 12:51:00,106439.10,258.180
2025-05-21 12:54:00,106447.60,74.324
