timestamp,type,price,trigger
2025-06-06 02:58:00+08:00,xgboost_bearish,103039.93,XGBoost DOWN (Confidence: 65.47%)
2025-06-06 03:03:00+08:00,xgboost_bearish,102944.12,XGBoost DOWN (Confidence: 75.00%)
2025-06-06 03:08:00+08:00,xgboost_bullish,102914.85,XGBoost UP (Confidence: 82.62%)
2025-06-06 03:13:00+08:00,xgboost_bearish,102715.55,XGBoost DOWN (Confidence: 69.56%)
2025-06-06 03:18:00+08:00,xgboost_bearish,101779.14,XGBoost DOWN (Confidence: 71.03%)
2025-06-06 03:20:00+08:00,xgboost_bullish,101881.99,XGBoost UP (Confidence: 52.00%)
2025-06-06 03:25:00+08:00,xgboost_bullish,101978.22,XGBoost UP (Confidence: 68.72%)
2025-06-06 03:30:00+08:00,xgboost_bullish,102205.22,XGBoost UP (Confidence: 52.62%)
2025-06-06 03:35:00+08:00,xgboost_bearish,102354.45,XGBoost DOWN (Confidence: 71.63%)
2025-06-06 03:40:00+08:00,xgboost_bearish,102354.96,XGBoost DOWN (Confidence: 60.72%)
2025-06-06 03:45:00+08:00,xgboost_bearish,102161.61,XGBoost DOWN (Confidence: 63.50%)
2025-06-06 03:50:00+08:00,xgboost_bearish,101950.0,XGBoost DOWN (Confidence: 76.54%)
2025-06-06 03:55:00+08:00,xgboost_bullish,102034.17,XGBoost UP (Confidence: 65.47%)
2025-06-06 04:00:00+08:00,xgboost_bearish,101903.77,XGBoost DOWN (Confidence: 53.76%)
2025-06-06 04:05:00+08:00,xgboost_bearish,102039.3,XGBoost DOWN (Confidence: 64.83%)
2025-06-06 04:10:00+08:00,xgboost_bearish,101699.99,XGBoost DOWN (Confidence: 66.12%)
2025-06-06 04:15:00+08:00,xgboost_bearish,101465.2,XGBoost DOWN (Confidence: 67.32%)
2025-06-06 04:20:00+08:00,xgboost_bearish,101178.34,XGBoost DOWN (Confidence: 63.23%)
2025-06-06 04:25:00+08:00,xgboost_bearish,101320.02,XGBoost DOWN (Confidence: 63.51%)
2025-06-06 04:30:00+08:00,xgboost_bearish,101414.76,XGBoost DOWN (Confidence: 71.00%)
2025-06-06 04:35:00+08:00,xgboost_bearish,101129.51,XGBoost DOWN (Confidence: 67.99%)
2025-06-06 04:40:00+08:00,xgboost_bearish,101189.03,XGBoost DOWN (Confidence: 59.41%)
2025-06-06 04:45:00+08:00,xgboost_bullish,101065.59,XGBoost UP (Confidence: 67.87%)
2025-06-06 04:51:00+08:00,xgboost_bearish,100865.63,XGBoost DOWN (Confidence: 58.45%)
2025-06-06 04:56:00+08:00,xgboost_bullish,100657.19,XGBoost UP (Confidence: 66.38%)
2025-06-06 05:01:00+08:00,xgboost_bearish,100440.0,XGBoost DOWN (Confidence: 56.87%)
2025-06-06 05:06:00+08:00,xgboost_bullish,101097.48,XGBoost UP (Confidence: 56.01%)
2025-06-06 05:11:00+08:00,xgboost_bearish,100779.3,XGBoost DOWN (Confidence: 74.05%)
2025-06-06 05:16:00+08:00,xgboost_bullish,100765.72,XGBoost UP (Confidence: 71.57%)
2025-06-06 05:21:00+08:00,xgboost_bearish,100797.98,XGBoost DOWN (Confidence: 53.53%)
2025-06-06 05:26:00+08:00,xgboost_bearish,101005.72,XGBoost DOWN (Confidence: 73.73%)
2025-06-06 05:31:00+08:00,xgboost_bullish,101138.89,XGBoost UP (Confidence: 74.00%)
2025-06-06 05:36:00+08:00,xgboost_bearish,101402.48,XGBoost DOWN (Confidence: 53.63%)
2025-06-06 05:41:00+08:00,xgboost_bullish,101571.3,XGBoost UP (Confidence: 57.99%)
2025-06-06 05:46:00+08:00,xgboost_bearish,101434.35,XGBoost DOWN (Confidence: 80.63%)
2025-06-06 05:51:00+08:00,xgboost_bullish,101342.03,XGBoost UP (Confidence: 79.65%)
2025-06-06 05:56:00+08:00,xgboost_bullish,101507.08,XGBoost UP (Confidence: 59.04%)
2025-06-06 06:01:00+08:00,xgboost_bearish,101279.91,XGBoost DOWN (Confidence: 64.76%)
2025-06-06 06:06:00+08:00,xgboost_bullish,101317.76,XGBoost UP (Confidence: 79.81%)
2025-06-06 06:11:00+08:00,xgboost_bearish,101180.99,XGBoost DOWN (Confidence: 57.64%)
2025-06-06 06:16:00+08:00,xgboost_bearish,101147.05,XGBoost DOWN (Confidence: 70.29%)
2025-06-06 06:21:00+08:00,xgboost_bullish,101296.26,XGBoost UP (Confidence: 63.07%)
2025-06-06 06:26:00+08:00,xgboost_bullish,101337.0,XGBoost UP (Confidence: 50.62%)
2025-06-06 06:31:00+08:00,xgboost_bullish,101409.06,XGBoost UP (Confidence: 79.98%)
2025-06-06 06:36:00+08:00,xgboost_bearish,101467.99,XGBoost DOWN (Confidence: 59.08%)
2025-06-06 06:41:00+08:00,xgboost_bullish,101559.95,XGBoost UP (Confidence: 60.75%)
2025-06-06 06:46:00+08:00,xgboost_bullish,101565.46,XGBoost UP (Confidence: 65.17%)
2025-06-06 06:51:00+08:00,xgboost_bullish,101704.39,XGBoost UP (Confidence: 76.27%)
2025-06-06 06:56:00+08:00,xgboost_bullish,101508.91,XGBoost UP (Confidence: 53.48%)
2025-06-06 07:01:00+08:00,xgboost_bullish,101561.79,XGBoost UP (Confidence: 72.78%)
2025-06-06 07:06:00+08:00,xgboost_bullish,101570.13,XGBoost UP (Confidence: 54.94%)
2025-06-06 07:11:00+08:00,xgboost_bearish,101670.57,XGBoost DOWN (Confidence: 51.80%)
2025-06-06 07:16:00+08:00,xgboost_bearish,101605.42,XGBoost DOWN (Confidence: 85.87%)
2025-06-06 07:21:00+08:00,xgboost_bullish,101742.96,XGBoost UP (Confidence: 76.29%)
2025-06-06 07:26:00+08:00,xgboost_bearish,101790.12,XGBoost DOWN (Confidence: 50.37%)
2025-06-06 07:31:00+08:00,xgboost_bearish,101683.3,XGBoost DOWN (Confidence: 82.74%)
2025-06-06 07:36:00+08:00,xgboost_bullish,101622.24,XGBoost UP (Confidence: 56.05%)
2025-06-06 07:41:00+08:00,xgboost_bearish,101546.78,XGBoost DOWN (Confidence: 79.99%)
2025-06-06 07:46:00+08:00,xgboost_bullish,101531.83,XGBoost UP (Confidence: 68.97%)
2025-06-06 07:51:00+08:00,xgboost_bullish,101567.95,XGBoost UP (Confidence: 51.61%)
2025-06-06 07:56:00+08:00,xgboost_bullish,101601.63,XGBoost UP (Confidence: 60.41%)
2025-06-06 08:01:00+08:00,xgboost_bullish,101506.17,XGBoost UP (Confidence: 53.44%)
2025-06-06 08:06:00+08:00,xgboost_bearish,101455.52,XGBoost DOWN (Confidence: 53.55%)
2025-06-06 08:11:00+08:00,xgboost_bullish,101400.0,XGBoost UP (Confidence: 52.83%)
2025-06-06 08:16:00+08:00,xgboost_bearish,101233.0,XGBoost DOWN (Confidence: 55.99%)
2025-06-06 08:21:00+08:00,xgboost_bearish,101181.36,XGBoost DOWN (Confidence: 80.16%)
2025-06-06 08:26:00+08:00,xgboost_bearish,101336.3,XGBoost DOWN (Confidence: 64.14%)
2025-06-06 08:31:00+08:00,xgboost_bullish,101575.83,XGBoost UP (Confidence: 55.06%)
2025-06-06 08:36:00+08:00,xgboost_bullish,101699.99,XGBoost UP (Confidence: 76.45%)
2025-06-06 08:41:00+08:00,xgboost_bullish,101744.99,XGBoost UP (Confidence: 76.75%)
2025-06-06 08:46:00+08:00,xgboost_bearish,101710.62,XGBoost DOWN (Confidence: 71.70%)
2025-06-06 08:51:00+08:00,xgboost_bullish,101788.32,XGBoost UP (Confidence: 78.53%)
2025-06-06 08:56:00+08:00,xgboost_bullish,101905.62,XGBoost UP (Confidence: 71.83%)
2025-06-06 09:01:00+08:00,xgboost_bearish,101860.47,XGBoost DOWN (Confidence: 54.75%)
2025-06-06 09:06:00+08:00,xgboost_bearish,101812.62,XGBoost DOWN (Confidence: 69.41%)
2025-06-06 09:11:00+08:00,xgboost_bullish,101899.99,XGBoost UP (Confidence: 53.91%)
2025-06-06 09:16:00+08:00,xgboost_bearish,101790.35,XGBoost DOWN (Confidence: 63.07%)
2025-06-06 09:21:00+08:00,xgboost_bullish,101724.68,XGBoost UP (Confidence: 63.21%)
2025-06-06 09:26:00+08:00,xgboost_bullish,101938.75,XGBoost UP (Confidence: 68.01%)
2025-06-06 09:31:00+08:00,xgboost_bullish,101847.79,XGBoost UP (Confidence: 54.34%)
2025-06-06 09:36:00+08:00,xgboost_bullish,101926.88,XGBoost UP (Confidence: 76.09%)
2025-06-06 09:41:00+08:00,xgboost_bearish,101906.97,XGBoost DOWN (Confidence: 53.34%)
2025-06-06 09:46:00+08:00,xgboost_bearish,101889.3,XGBoost DOWN (Confidence: 71.29%)
2025-06-06 09:51:00+08:00,xgboost_bearish,101756.94,XGBoost DOWN (Confidence: 71.61%)
2025-06-06 09:56:00+08:00,xgboost_bullish,101854.09,XGBoost UP (Confidence: 69.75%)
2025-06-06 10:01:00+08:00,xgboost_bearish,101800.01,XGBoost DOWN (Confidence: 81.33%)
2025-06-06 10:06:00+08:00,xgboost_bullish,101810.45,XGBoost UP (Confidence: 58.11%)
2025-06-06 10:11:00+08:00,xgboost_bearish,101733.97,XGBoost DOWN (Confidence: 69.66%)
2025-06-06 10:16:00+08:00,xgboost_bearish,101581.4,XGBoost DOWN (Confidence: 86.20%)
2025-06-06 10:21:00+08:00,xgboost_bullish,101578.32,XGBoost UP (Confidence: 70.44%)
2025-06-06 10:26:00+08:00,xgboost_bullish,101611.7,XGBoost UP (Confidence: 68.69%)
2025-06-06 10:31:00+08:00,xgboost_bullish,101625.51,XGBoost UP (Confidence: 53.10%)
2025-06-06 10:36:00+08:00,xgboost_bullish,101707.39,XGBoost UP (Confidence: 79.29%)
2025-06-06 10:41:00+08:00,xgboost_bullish,101876.31,XGBoost UP (Confidence: 67.56%)
2025-06-06 10:46:00+08:00,xgboost_bearish,101900.63,XGBoost DOWN (Confidence: 58.65%)
2025-06-06 10:51:00+08:00,xgboost_bullish,101933.56,XGBoost UP (Confidence: 82.10%)
2025-06-06 10:56:00+08:00,xgboost_bullish,102116.97,XGBoost UP (Confidence: 71.30%)
2025-06-06 11:01:00+08:00,xgboost_bearish,102116.42,XGBoost DOWN (Confidence: 73.99%)
2025-06-06 11:06:00+08:00,xgboost_bullish,102072.16,XGBoost UP (Confidence: 64.06%)
2025-06-06 11:11:00+08:00,xgboost_bullish,102080.84,XGBoost UP (Confidence: 57.26%)
2025-06-06 11:16:00+08:00,xgboost_bullish,102176.05,XGBoost UP (Confidence: 72.10%)
2025-06-06 11:21:00+08:00,xgboost_bullish,102299.12,XGBoost UP (Confidence: 83.57%)
2025-06-06 11:26:00+08:00,xgboost_bearish,102256.37,XGBoost DOWN (Confidence: 59.99%)
2025-06-06 11:31:00+08:00,xgboost_bullish,102368.49,XGBoost UP (Confidence: 85.69%)
2025-06-06 11:36:00+08:00,xgboost_bullish,102467.05,XGBoost UP (Confidence: 80.84%)
2025-06-06 11:41:00+08:00,xgboost_bullish,102445.42,XGBoost UP (Confidence: 76.05%)
2025-06-06 11:46:00+08:00,xgboost_bullish,102478.16,XGBoost UP (Confidence: 71.77%)
2025-06-06 11:51:00+08:00,xgboost_bullish,102497.05,XGBoost UP (Confidence: 52.20%)
2025-06-06 11:56:00+08:00,xgboost_bearish,102484.24,XGBoost DOWN (Confidence: 71.70%)
2025-06-06 12:01:00+08:00,xgboost_bullish,102478.19,XGBoost UP (Confidence: 54.17%)
2025-06-06 12:06:00+08:00,xgboost_bearish,102387.5,XGBoost DOWN (Confidence: 72.25%)
2025-06-06 12:11:00+08:00,xgboost_bullish,102495.39,XGBoost UP (Confidence: 75.57%)
2025-06-06 12:16:00+08:00,xgboost_bullish,102590.0,XGBoost UP (Confidence: 84.53%)
2025-06-06 12:21:00+08:00,xgboost_bearish,102504.61,XGBoost DOWN (Confidence: 81.45%)
2025-06-06 12:26:00+08:00,xgboost_bullish,102504.87,XGBoost UP (Confidence: 81.83%)
2025-06-06 12:31:00+08:00,xgboost_bullish,102591.73,XGBoost UP (Confidence: 86.47%)
2025-06-06 12:36:00+08:00,xgboost_bullish,102690.0,XGBoost UP (Confidence: 84.23%)
2025-06-06 12:41:00+08:00,xgboost_bearish,102722.06,XGBoost DOWN (Confidence: 61.02%)
2025-06-06 12:46:00+08:00,xgboost_bullish,102773.86,XGBoost UP (Confidence: 78.53%)
2025-06-06 12:51:00+08:00,xgboost_bullish,102777.6,XGBoost UP (Confidence: 70.72%)
2025-06-06 12:56:00+08:00,xgboost_bullish,102748.88,XGBoost UP (Confidence: 61.93%)
2025-06-06 13:01:00+08:00,xgboost_bullish,102799.98,XGBoost UP (Confidence: 79.56%)
2025-06-06 13:06:00+08:00,xgboost_bullish,102836.05,XGBoost UP (Confidence: 72.67%)
2025-06-06 13:11:00+08:00,xgboost_bullish,102900.0,XGBoost UP (Confidence: 77.71%)
2025-06-06 13:16:00+08:00,xgboost_bearish,102888.65,XGBoost DOWN (Confidence: 59.78%)
2025-06-06 13:21:00+08:00,xgboost_bullish,102720.27,XGBoost UP (Confidence: 54.63%)
2025-06-06 13:26:00+08:00,xgboost_bearish,102700.8,XGBoost DOWN (Confidence: 65.09%)
2025-06-06 13:31:00+08:00,xgboost_bearish,102725.63,XGBoost DOWN (Confidence: 67.68%)
2025-06-06 13:36:00+08:00,xgboost_bearish,102805.35,XGBoost DOWN (Confidence: 53.24%)
2025-06-06 13:41:00+08:00,xgboost_bullish,102819.12,XGBoost UP (Confidence: 66.06%)
2025-06-06 13:46:00+08:00,xgboost_bearish,102842.52,XGBoost DOWN (Confidence: 85.78%)
2025-06-06 13:51:00+08:00,xgboost_bullish,102872.1,XGBoost UP (Confidence: 63.69%)
2025-06-06 13:56:00+08:00,xgboost_bullish,102914.82,XGBoost UP (Confidence: 90.62%)
2025-06-06 14:01:00+08:00,xgboost_bearish,102924.14,XGBoost DOWN (Confidence: 80.93%)
2025-06-06 14:06:00+08:00,xgboost_bearish,102933.01,XGBoost DOWN (Confidence: 59.31%)
2025-06-06 14:11:00+08:00,xgboost_bullish,103140.58,XGBoost UP (Confidence: 77.69%)
2025-06-06 14:16:00+08:00,xgboost_bearish,103096.4,XGBoost DOWN (Confidence: 80.79%)
2025-06-06 14:21:00+08:00,xgboost_bearish,102972.77,XGBoost DOWN (Confidence: 73.82%)
2025-06-06 14:26:00+08:00,xgboost_bullish,102991.62,XGBoost UP (Confidence: 77.93%)
2025-06-06 14:31:00+08:00,xgboost_bullish,103149.42,XGBoost UP (Confidence: 85.17%)
2025-06-06 14:36:00+08:00,xgboost_bearish,103150.75,XGBoost DOWN (Confidence: 66.13%)
2025-06-06 14:41:00+08:00,xgboost_bearish,103034.0,XGBoost DOWN (Confidence: 84.22%)
2025-06-06 14:46:00+08:00,xgboost_bullish,103070.31,XGBoost UP (Confidence: 62.39%)
2025-06-06 14:51:00+08:00,xgboost_bullish,103131.79,XGBoost UP (Confidence: 65.17%)
2025-06-06 14:56:00+08:00,xgboost_bullish,103161.06,XGBoost UP (Confidence: 58.26%)
2025-06-06 15:01:00+08:00,xgboost_bearish,103175.75,XGBoost DOWN (Confidence: 55.55%)
2025-06-06 15:06:00+08:00,xgboost_bullish,103218.14,XGBoost UP (Confidence: 71.64%)
2025-06-06 15:11:00+08:00,xgboost_bullish,103241.27,XGBoost UP (Confidence: 79.51%)
2025-06-06 15:16:00+08:00,xgboost_bullish,103225.15,XGBoost UP (Confidence: 58.65%)
2025-06-06 15:21:00+08:00,xgboost_bearish,103190.41,XGBoost DOWN (Confidence: 83.61%)
2025-06-06 15:26:00+08:00,xgboost_bullish,103425.07,XGBoost UP (Confidence: 77.20%)
2025-06-06 15:31:00+08:00,xgboost_bearish,103246.62,XGBoost DOWN (Confidence: 80.51%)
2025-06-06 15:36:00+08:00,xgboost_bearish,103109.14,XGBoost DOWN (Confidence: 70.66%)
2025-06-06 19:45:00+08:00,xgboost_bullish,103899.97,XGBoost UP (Confidence: 80.56%)
2025-06-06 19:50:00+08:00,xgboost_bullish,103917.57,XGBoost UP (Confidence: 73.95%)
2025-06-06 19:55:00+08:00,xgboost_bullish,103940.52,XGBoost UP (Confidence: 58.09%)
2025-06-06 20:00:00+08:00,xgboost_bullish,104009.82,XGBoost UP (Confidence: 75.76%)
2025-06-06 20:06:00+08:00,xgboost_bearish,103959.65,XGBoost DOWN (Confidence: 69.64%)
2025-06-06 20:11:00+08:00,xgboost_bearish,103946.83,XGBoost DOWN (Confidence: 79.68%)
2025-06-06 20:16:00+08:00,xgboost_bearish,103898.07,XGBoost DOWN (Confidence: 69.22%)
2025-06-06 20:21:00+08:00,xgboost_bullish,103904.04,XGBoost UP (Confidence: 58.79%)
2025-06-06 20:26:00+08:00,xgboost_bullish,103871.27,XGBoost UP (Confidence: 68.33%)
2025-06-06 20:31:00+08:00,xgboost_bearish,104072.5,XGBoost DOWN (Confidence: 92.56%)
2025-06-06 20:36:00+08:00,xgboost_bullish,104112.31,XGBoost UP (Confidence: 61.75%)
2025-06-06 20:41:00+08:00,xgboost_bearish,103780.91,XGBoost DOWN (Confidence: 69.24%)
2025-06-06 20:46:00+08:00,xgboost_bullish,103915.71,XGBoost UP (Confidence: 70.44%)
2025-06-06 20:51:00+08:00,xgboost_bearish,103837.14,XGBoost DOWN (Confidence: 69.87%)
2025-06-06 20:56:00+08:00,xgboost_bearish,103828.65,XGBoost DOWN (Confidence: 76.52%)
2025-06-06 21:01:00+08:00,xgboost_bullish,103880.7,XGBoost UP (Confidence: 78.42%)
2025-06-06 21:06:00+08:00,xgboost_bullish,103944.17,XGBoost UP (Confidence: 53.19%)
2025-06-06 21:11:00+08:00,xgboost_bullish,103955.75,XGBoost UP (Confidence: 66.48%)
2025-06-06 23:27:00+08:00,xgboost_bearish,104785.08,XGBoost DOWN (Confidence: 80.42%)
2025-06-06 23:32:00+08:00,xgboost_bullish,104929.34,XGBoost UP (Confidence: 55.55%)
2025-06-06 23:37:00+08:00,xgboost_bullish,104758.18,XGBoost UP (Confidence: 56.18%)
2025-06-06 23:42:00+08:00,xgboost_bearish,104628.46,XGBoost DOWN (Confidence: 69.94%)
2025-06-06 23:47:00+08:00,xgboost_bullish,104844.99,XGBoost UP (Confidence: 71.48%)
2025-06-06 23:50:00+08:00,xgboost_bullish,105022.64,XGBoost UP (Confidence: 67.90%)
2025-06-06 23:55:00+08:00,xgboost_bullish,105092.28,XGBoost UP (Confidence: 67.72%)
2025-06-07 00:00:00+08:00,xgboost_bullish,105039.49,XGBoost UP (Confidence: 51.80%)
2025-06-07 00:05:00+08:00,xgboost_bullish,105019.14,XGBoost UP (Confidence: 54.17%)
2025-06-07 00:10:00+08:00,xgboost_bearish,105007.93,XGBoost DOWN (Confidence: 58.57%)
2025-06-07 01:00:00+08:00,xgboost_bullish,104799.53,Confidence: 74.65%
2025-06-07 01:05:00+08:00,xgboost_bearish,104669.27,Confidence: 74.53%
2025-06-07 01:20:00+08:00,xgboost_bullish,104770.44,Confidence: 77.02%
2025-06-07 01:25:00+08:00,xgboost_bearish,104571.65,Confidence: 80.58%
2025-06-07 01:30:00+08:00,xgboost_bullish,104548.48,Confidence: 76.57%
2025-06-07 01:35:00+08:00,xgboost_bullish,104566.04,Confidence: 81.16%
2025-06-07 01:45:00+08:00,xgboost_bullish,104627.91,Confidence: 81.46%
2025-06-07 01:55:00+08:00,xgboost_bullish,104761.91,Confidence: 77.73%
2025-06-07 02:10:00+08:00,xgboost_bearish,104759.86,Confidence: 78.40%
2025-06-07 02:25:00+08:00,xgboost_bearish,104475.93,Confidence: 80.47%
2025-06-07 02:30:00+08:00,xgboost_bullish,104552.62,Confidence: 76.29%
2025-06-07 02:35:00+08:00,xgboost_bullish,104688.08,Confidence: 70.22%
2025-06-07 02:50:00+08:00,xgboost_bearish,104570.93,Confidence: 70.42%
2025-06-07 03:00:00+08:00,xgboost_bullish,104539.64,Confidence: 83.03%
2025-06-07 03:10:00+08:00,xgboost_bearish,104441.86,Confidence: 81.17%
2025-06-07 03:20:00+08:00,xgboost_bearish,104453.54,Confidence: 74.33%
2025-06-07 03:30:00+08:00,xgboost_bullish,104351.25,Confidence: 78.74%
2025-06-07 03:35:00+08:00,xgboost_bullish,104350.37,Confidence: 78.10%
2025-06-07 03:55:00+08:00,xgboost_bearish,104116.27,Confidence: 72.37%
2025-06-07 04:00:00+08:00,xgboost_bullish,104252.99,Confidence: 72.74%
2025-06-07 04:10:00+08:00,xgboost_bullish,104339.35,Confidence: 81.09%
2025-06-07 04:15:00+08:00,xgboost_bullish,104355.65,Confidence: 70.06%
2025-06-07 04:35:00+08:00,xgboost_bearish,104311.53,Confidence: 84.00%
2025-06-07 04:40:00+08:00,xgboost_bullish,104317.0,Confidence: 80.42%
2025-06-07 04:45:00+08:00,xgboost_bullish,104586.77,Confidence: 83.77%
2025-06-07 04:50:00+08:00,xgboost_bearish,104438.01,Confidence: 74.82%
2025-06-07 05:05:00+08:00,xgboost_bearish,104340.84,Confidence: 78.23%
2025-06-07 05:10:00+08:00,xgboost_bullish,104378.75,Confidence: 79.10%
2025-06-07 05:15:00+08:00,xgboost_bullish,104370.0,Confidence: 79.92%
2025-06-07 05:20:00+08:00,xgboost_bullish,104383.37,Confidence: 73.99%
2025-06-07 05:25:00+08:00,xgboost_bearish,104321.33,Confidence: 83.37%
2025-06-07 05:45:00+08:00,xgboost_bullish,104483.5,Confidence: 78.92%
2025-06-07 05:50:00+08:00,xgboost_bearish,104434.67,Confidence: 74.66%
2025-06-07 05:55:00+08:00,xgboost_bearish,104395.81,Confidence: 71.60%
2025-06-07 06:05:00+08:00,xgboost_bearish,104295.03,Confidence: 76.65%
2025-06-07 06:10:00+08:00,xgboost_bullish,104293.97,Confidence: 70.39%
2025-06-07 06:25:00+08:00,xgboost_bearish,104315.88,Confidence: 80.54%
2025-06-07 06:45:00+08:00,xgboost_bearish,104310.3,Confidence: 73.72%
2025-06-07 06:50:00+08:00,xgboost_bullish,104431.26,Confidence: 88.06%
2025-06-07 07:05:00+08:00,xgboost_bearish,104373.23,Confidence: 73.73%
2025-06-07 07:15:00+08:00,xgboost_bearish,104241.86,Confidence: 80.68%
2025-06-07 07:20:00+08:00,xgboost_bullish,104295.98,Confidence: 76.71%
2025-06-07 07:25:00+08:00,xgboost_bullish,104295.25,Confidence: 80.95%
2025-06-07 07:50:00+08:00,xgboost_bullish,104362.58,Confidence: 72.79%
2025-06-07 08:00:00+08:00,xgboost_bullish,104310.92,Confidence: 78.56%
2025-06-07 08:05:00+08:00,xgboost_bullish,104288.17,Confidence: 84.46%
2025-06-07 08:10:00+08:00,xgboost_bearish,104244.61,Confidence: 72.85%
2025-06-07 08:15:00+08:00,xgboost_bearish,104038.06,Confidence: 78.94%
2025-06-07 08:30:00+08:00,xgboost_bullish,104199.81,Confidence: 70.67%
2025-06-07 08:45:00+08:00,xgboost_bearish,104285.79,Confidence: 82.87%
2025-06-07 08:50:00+08:00,xgboost_bullish,104365.15,Confidence: 75.24%
2025-06-07 08:55:00+08:00,xgboost_bullish,104432.21,Confidence: 88.29%
2025-06-07 09:15:00+08:00,xgboost_bearish,104470.61,Confidence: 77.14%
2025-06-07 09:20:00+08:00,xgboost_bearish,104465.12,Confidence: 76.30%
2025-06-07 09:40:00+08:00,xgboost_bullish,104418.36,Confidence: 75.38%
2025-06-07 09:42:00+08:00,xgboost_bullish,104440.83,Confidence: 81.46%
2025-06-07 09:46:00+08:00,xgboost_bullish,104452.92,Confidence: 77.62%
2025-06-07 09:47:00+08:00,xgboost_bullish,104500.0,Confidence: 87.93%
2025-06-07 09:49:00+08:00,xgboost_bearish,104454.85,Confidence: 78.02%
2025-06-07 09:51:00+08:00,xgboost_bullish,104479.75,Confidence: 72.16%
2025-06-07 09:54:00+08:00,xgboost_bearish,104457.32,Confidence: 87.52%
2025-06-07 09:58:00+08:00,xgboost_bearish,104460.0,Confidence: 79.08%
2025-06-07 10:01:00+08:00,xgboost_bearish,104396.94,Confidence: 82.62%
2025-06-07 10:05:00+08:00,xgboost_bearish,104372.1,Confidence: 86.65%
2025-06-07 10:11:00+08:00,xgboost_bearish,104357.83,Confidence: 81.21%
2025-06-07 10:15:00+08:00,xgboost_bullish,104389.96,Confidence: 81.92%
2025-06-07 10:19:00+08:00,xgboost_bearish,104368.02,Confidence: 80.48%
2025-06-07 10:20:00+08:00,xgboost_bearish,104348.96,Confidence: 82.38%
2025-06-07 10:27:00+08:00,xgboost_bullish,104374.59,Confidence: 80.33%
2025-06-07 10:34:00+08:00,xgboost_bullish,104396.74,Confidence: 81.01%
2025-06-07 10:36:00+08:00,xgboost_bullish,104477.12,Confidence: 82.61%
2025-06-07 10:38:00+08:00,xgboost_bullish,104506.18,Confidence: 84.47%
2025-06-07 10:43:00+08:00,xgboost_bullish,104508.04,Confidence: 84.27%
2025-06-07 10:56:00+08:00,xgboost_bullish,104599.91,Confidence: 84.59%
2025-06-07 10:59:00+08:00,xgboost_bearish,104531.57,Confidence: 84.88%
2025-06-07 11:00:00+08:00,xgboost_bearish,104489.42,Confidence: 81.98%
2025-06-07 11:03:00+08:00,xgboost_bullish,104594.13,Confidence: 85.43%
2025-06-07 11:07:00+08:00,xgboost_bullish,104688.27,Confidence: 82.74%
2025-06-07 11:08:00+08:00,xgboost_bullish,104693.17,Confidence: 80.82%
2025-06-07 11:09:00+08:00,xgboost_bearish,104628.29,Confidence: 82.94%
2025-06-07 11:12:00+08:00,xgboost_bullish,104760.85,Confidence: 85.24%
2025-06-07 11:27:00+08:00,xgboost_bearish,104735.4,Confidence: 80.12%
2025-06-07 11:29:00+08:00,xgboost_bearish,104708.09,Confidence: 80.46%
2025-06-07 11:39:00+08:00,xgboost_bullish,104744.18,Confidence: 81.42%
2025-06-07 11:45:00+08:00,xgboost_bullish,104844.42,Confidence: 81.35%
2025-06-07 11:47:00+08:00,xgboost_bullish,104866.17,Confidence: 87.24%
2025-06-07 11:48:00+08:00,xgboost_bullish,104889.62,Confidence: 82.25%
2025-06-07 12:10:00+08:00,xgboost_bearish,104793.16,Confidence: 81.04%
2025-06-07 12:14:00+08:00,xgboost_bearish,104709.88,Confidence: 84.95%
2025-06-07 12:27:00+08:00,xgboost_bearish,104739.92,Confidence: 87.66%
2025-06-07 12:28:00+08:00,xgboost_bearish,104705.7,Confidence: 86.27%
2025-06-07 12:30:00+08:00,xgboost_bearish,104679.16,Confidence: 87.76%
2025-06-07 12:32:00+08:00,xgboost_bearish,104666.67,Confidence: 87.29%
2025-06-07 12:33:00+08:00,xgboost_bearish,104657.27,Confidence: 86.38%
2025-06-07 12:34:00+08:00,xgboost_bearish,104643.63,Confidence: 85.92%
2025-06-07 12:51:00+08:00,xgboost_bullish,104779.86,Confidence: 84.02%
2025-06-07 12:52:00+08:00,xgboost_bullish,104804.59,Confidence: 90.75%
2025-06-07 12:53:00+08:00,xgboost_bullish,104819.5,Confidence: 90.55%
2025-06-07 13:08:00+08:00,xgboost_bearish,104751.16,Confidence: 83.65%
2025-06-07 13:13:00+08:00,xgboost_bullish,104838.85,Confidence: 89.12%
2025-06-07 13:15:00+08:00,xgboost_bearish,104816.75,Confidence: 81.74%
2025-06-07 13:19:00+08:00,xgboost_bearish,104814.49,Confidence: 85.64%
2025-06-07 13:21:00+08:00,xgboost_bullish,104837.93,Confidence: 84.33%
2025-06-07 13:29:00+08:00,xgboost_bullish,104815.27,Confidence: 80.69%
2025-06-07 13:42:00+08:00,xgboost_bullish,104893.43,Confidence: 82.03%
2025-06-07 13:43:00+08:00,xgboost_bullish,104910.77,Confidence: 86.37%
2025-06-07 13:46:00+08:00,xgboost_bullish,104994.01,Confidence: 91.78%
2025-06-07 13:47:00+08:00,xgboost_bullish,104987.59,Confidence: 82.56%
2025-06-07 13:48:00+08:00,xgboost_bullish,104986.96,Confidence: 90.44%
2025-06-07 13:58:00+08:00,xgboost_bearish,104889.51,Confidence: 80.32%
2025-06-07 14:02:00+08:00,xgboost_bearish,104844.02,Confidence: 81.86%
2025-06-07 14:03:00+08:00,xgboost_bearish,104820.0,Confidence: 83.24%
2025-06-07 14:07:00+08:00,xgboost_bullish,104835.81,Confidence: 82.00%
2025-06-07 14:11:00+08:00,xgboost_bearish,104804.88,Confidence: 87.46%
2025-06-07 14:19:00+08:00,xgboost_bullish,104896.17,Confidence: 84.25%
2025-06-07 14:20:00+08:00,xgboost_bearish,104847.06,Confidence: 80.87%
2025-06-07 14:24:00+08:00,xgboost_bearish,104825.5,Confidence: 80.75%
2025-06-07 14:29:00+08:00,xgboost_bearish,104788.32,Confidence: 80.01%
2025-06-07 14:40:00+08:00,xgboost_bullish,104890.77,Confidence: 85.97%
2025-06-07 14:43:00+08:00,xgboost_bullish,104895.99,Confidence: 83.55%
2025-06-07 14:44:00+08:00,xgboost_bullish,104895.99,Confidence: 80.61%
2025-06-07 14:47:00+08:00,xgboost_bullish,105010.64,Confidence: 80.43%
2025-06-07 14:48:00+08:00,xgboost_bullish,105120.35,Confidence: 88.69%
2025-06-07 14:49:00+08:00,xgboost_bullish,105199.99,Confidence: 86.90%
2025-06-07 14:50:00+08:00,xgboost_bullish,105257.11,Confidence: 88.27%
2025-06-07 14:52:00+08:00,xgboost_bullish,105240.0,Confidence: 84.84%
2025-06-07 15:00:00+08:00,xgboost_bearish,105221.51,Confidence: 81.32%
2025-06-07 15:07:00+08:00,xgboost_bearish,105030.69,Confidence: 85.16%
2025-06-07 15:10:00+08:00,xgboost_bearish,104951.99,Confidence: 85.57%
2025-06-07 15:12:00+08:00,xgboost_bearish,104889.64,Confidence: 85.11%
2025-06-07 15:16:00+08:00,xgboost_bearish,104886.01,Confidence: 80.05%
2025-06-07 15:17:00+08:00,xgboost_bearish,104839.32,Confidence: 83.01%
2025-06-07 15:20:00+08:00,xgboost_bullish,104960.01,Confidence: 82.21%
2025-06-07 15:21:00+08:00,xgboost_bullish,104999.58,Confidence: 80.55%
2025-06-07 15:25:00+08:00,xgboost_bearish,104995.51,Confidence: 82.55%
2025-06-07 15:26:00+08:00,xgboost_bearish,104960.08,Confidence: 81.04%
2025-06-07 15:36:00+08:00,xgboost_bullish,105011.99,Confidence: 83.90%
2025-06-07 15:42:00+08:00,xgboost_bearish,104932.55,Confidence: 81.93%
2025-06-07 15:46:00+08:00,xgboost_bearish,104888.28,Confidence: 87.05%
2025-06-07 15:47:00+08:00,xgboost_bearish,104873.06,Confidence: 81.33%
2025-06-07 16:05:00+08:00,xgboost_bearish,104903.9,Confidence: 86.64%
2025-06-07 16:17:00+08:00,xgboost_bearish,104815.28,Confidence: 87.74%
2025-06-07 16:18:00+08:00,xgboost_bearish,104788.31,Confidence: 91.45%
2025-06-07 16:29:00+08:00,xgboost_bullish,104922.67,Confidence: 80.22%
2025-06-07 16:47:00+08:00,xgboost_bearish,104815.4,Confidence: 84.79%
2025-06-07 16:50:00+08:00,xgboost_bearish,104789.77,Confidence: 91.09%
2025-06-07 16:52:00+08:00,xgboost_bearish,104778.52,Confidence: 85.65%
2025-06-07 16:53:00+08:00,xgboost_bearish,104759.19,Confidence: 89.40%
2025-06-07 16:54:00+08:00,xgboost_bearish,104737.32,Confidence: 91.47%
2025-06-07 17:07:00+08:00,xgboost_bullish,104894.4,Confidence: 82.33%
2025-06-07 17:09:00+08:00,xgboost_bullish,104898.39,Confidence: 85.56%
2025-06-07 17:15:00+08:00,xgboost_bullish,104906.96,Confidence: 85.50%
2025-06-07 17:20:00+08:00,xgboost_bullish,104891.76,Confidence: 80.75%
2025-06-07 17:21:00+08:00,xgboost_bullish,104912.13,Confidence: 86.27%
2025-06-07 17:23:00+08:00,xgboost_bullish,104939.81,Confidence: 87.10%
2025-06-07 17:30:00+08:00,xgboost_bearish,104919.98,Confidence: 80.69%
2025-06-07 17:31:00+08:00,xgboost_bearish,104896.71,Confidence: 82.29%
2025-06-07 17:35:00+08:00,xgboost_bearish,104838.87,Confidence: 87.11%
2025-06-07 17:38:00+08:00,xgboost_bearish,104785.49,Confidence: 87.19%
2025-06-07 17:41:00+08:00,xgboost_bearish,104790.37,Confidence: 85.89%
2025-06-07 17:42:00+08:00,xgboost_bearish,104782.87,Confidence: 80.62%
2025-06-07 17:45:00+08:00,xgboost_bullish,104812.73,Confidence: 85.31%
2025-06-07 17:47:00+08:00,xgboost_bullish,104815.43,Confidence: 84.60%
2025-06-07 17:49:00+08:00,xgboost_bullish,104830.85,Confidence: 81.21%
2025-06-07 17:54:00+08:00,xgboost_bullish,104840.44,Confidence: 82.30%
2025-06-07 18:00:00+08:00,xgboost_bullish,104872.74,Confidence: 81.81%
2025-06-07 18:03:00+08:00,xgboost_bullish,104884.96,Confidence: 84.63%
2025-06-07 18:05:00+08:00,xgboost_bullish,104926.39,Confidence: 92.25%
2025-06-07 18:14:00+08:00,xgboost_bullish,104948.99,Confidence: 90.43%
2025-06-07 18:21:00+08:00,xgboost_bullish,105152.52,Confidence: 92.97%
2025-06-07 18:46:00+08:00,xgboost_bullish,105091.85,Confidence: 85.07%
2025-06-07 19:22:00+08:00,xgboost_bullish,105254.2,Confidence: 88.93%
2025-06-07 19:40:00+08:00,xgboost_bearish,105179.69,Confidence: 86.30%
2025-06-07 19:49:00+08:00,xgboost_bearish,105119.4,Confidence: 85.80%
2025-06-07 19:52:00+08:00,xgboost_bearish,105115.21,Confidence: 85.15%
2025-06-07 19:53:00+08:00,xgboost_bearish,105085.91,Confidence: 88.54%
2025-06-07 19:54:00+08:00,xgboost_bearish,105072.0,Confidence: 85.92%
2025-06-07 20:13:00+08:00,xgboost_bullish,105279.99,Confidence: 91.66%
2025-06-07 20:26:00+08:00,xgboost_bullish,105296.02,Confidence: 86.72%
2025-06-07 20:45:00+08:00,xgboost_bearish,105506.72,Confidence: 85.22%
2025-06-07 20:50:00+08:00,xgboost_bearish,105435.85,Confidence: 85.87%
2025-06-07 21:00:00+08:00,xgboost_bearish,105380.2,Confidence: 87.19%
2025-06-07 21:10:00+08:00,xgboost_bullish,105387.64,Confidence: 88.20%
2025-06-07 21:16:00+08:00,xgboost_bullish,105522.44,Confidence: 90.65%
2025-06-07 21:22:00+08:00,xgboost_bullish,105572.57,Confidence: 91.16%
2025-06-07 21:30:00+08:00,xgboost_bullish,105558.13,Confidence: 86.25%
2025-06-07 21:39:00+08:00,xgboost_bearish,105540.34,Confidence: 85.21%
2025-06-07 21:51:00+08:00,xgboost_bullish,105720.93,Confidence: 87.52%
2025-06-07 22:04:00+08:00,xgboost_bullish,105605.27,Confidence: 85.33%
2025-06-07 22:17:00+08:00,xgboost_bearish,105500.01,Confidence: 85.42%
2025-06-07 22:18:00+08:00,xgboost_bearish,105455.3,Confidence: 90.60%
2025-06-07 22:23:00+08:00,xgboost_bearish,105418.61,Confidence: 87.05%
2025-06-07 22:38:00+08:00,xgboost_bearish,105545.58,Confidence: 85.25%
2025-06-07 23:13:00+08:00,xgboost_bearish,105367.06,Confidence: 85.30%
2025-06-07 23:15:00+08:00,xgboost_bearish,105341.57,Confidence: 86.61%
2025-06-13 17:55:00+08:00,xgboost_bullish,104837.56,Confidence: 88.75%
2025-06-13 18:08:00+08:00,xgboost_bullish,104636.44,Confidence: 87.61%
2025-06-13 18:33:00+08:00,xgboost_bearish,104536.72,Confidence: 86.84%
2025-06-13 19:30:00+08:00,xgboost_bullish,104804.17,Confidence: 85.44%
2025-06-13 19:33:00+08:00,xgboost_bearish,104719.8,Confidence: 85.40%
2025-06-13 20:01:00+08:00,xgboost_bearish,104952.65,Confidence: 85.86%
2025-06-20 09:49:00+08:00,xgboost_bullish,104709.86,XGBoost UP (Confidence: 71.41%)
2025-06-20 09:50:00+08:00,xgboost_bullish,104693.61,XGBoost UP (Confidence: 59.86%)
2025-06-20 10:02:00+08:00,xgboost_bullish,104800.0,Confidence: 70.69%
2025-06-20 10:08:00+08:00,xgboost_bullish,104793.99,Confidence: 74.43%
2025-06-20 10:09:00+08:00,xgboost_bearish,104777.0,Confidence: 74.69%
2025-06-20 10:12:00+08:00,xgboost_bearish,104732.87,Confidence: 72.76%
2025-06-20 10:14:00+08:00,xgboost_bearish,104702.1,Confidence: 70.11%
2025-06-20 10:19:00+08:00,xgboost_bullish,104729.85,Confidence: 71.09%
2025-06-20 10:20:00+08:00,xgboost_bullish,104734.49,Confidence: 71.41%
2025-06-20 10:21:00+08:00,xgboost_bullish,104747.99,Confidence: 75.23%
2025-06-20 10:26:00+08:00,xgboost_bullish,104770.93,Confidence: 79.92%
2025-06-20 10:27:00+08:00,xgboost_bearish,104745.32,Confidence: 73.54%
2025-06-20 10:28:00+08:00,xgboost_bearish,104733.53,Confidence: 75.16%
2025-06-20 10:30:00+08:00,xgboost_bearish,104595.98,Confidence: 75.76%
2025-06-20 10:31:00+08:00,xgboost_bearish,104555.23,Confidence: 78.42%
2025-06-20 10:34:00+08:00,xgboost_bearish,104559.46,Confidence: 71.37%
2025-06-20 10:35:00+08:00,xgboost_bearish,104507.77,Confidence: 85.51%
2025-06-20 10:38:00+08:00,xgboost_bullish,104596.09,Confidence: 87.26%
2025-06-20 10:49:00+08:00,xgboost_bullish,104606.13,Confidence: 79.72%
2025-06-20 10:55:00+08:00,xgboost_bullish,104643.87,Confidence: 85.93%
2025-06-20 10:57:00+08:00,xgboost_bearish,104611.78,Confidence: 80.07%
2025-06-20 11:30:00+08:00,xgboost_bearish,104654.59,Confidence: 83.60%
2025-06-20 11:35:00+08:00,xgboost_bullish,104647.96,Confidence: 78.57%
2025-06-20 11:36:00+08:00,xgboost_bullish,104674.58,Confidence: 79.00%
2025-06-20 11:39:00+08:00,xgboost_bearish,104620.56,Confidence: 86.61%
2025-06-20 11:43:00+08:00,xgboost_bullish,104645.84,Confidence: 75.82%
2025-06-20 11:44:00+08:00,xgboost_bearish,104624.88,Confidence: 86.30%
2025-06-20 11:46:00+08:00,xgboost_bearish,104604.0,Confidence: 75.48%
2025-06-20 11:47:00+08:00,xgboost_bullish,104604.01,Confidence: 75.75%
2025-06-20 11:49:00+08:00,xgboost_bullish,104635.3,Confidence: 84.71%
2025-06-20 11:53:00+08:00,xgboost_bullish,104614.5,Confidence: 75.36%
2025-06-20 11:54:00+08:00,xgboost_bullish,104641.32,Confidence: 79.41%
2025-06-20 12:01:00+08:00,xgboost_bullish,104600.0,Confidence: 76.32%
2025-06-20 12:04:00+08:00,xgboost_bearish,104573.91,Confidence: 89.75%
2025-06-20 12:05:00+08:00,xgboost_bearish,104561.86,Confidence: 89.72%
2025-06-20 12:11:00+08:00,xgboost_bearish,104560.0,Confidence: 91.39%
2025-06-20 12:14:00+08:00,xgboost_bearish,104552.9,Confidence: 76.24%
2025-06-20 12:17:00+08:00,xgboost_bullish,104579.91,Confidence: 83.82%
2025-06-20 12:19:00+08:00,xgboost_bearish,104546.93,Confidence: 86.00%
2025-06-20 12:21:00+08:00,xgboost_bearish,104528.0,Confidence: 87.56%
2025-06-20 12:23:00+08:00,xgboost_bearish,104461.97,Confidence: 82.44%
2025-06-20 12:24:00+08:00,xgboost_bullish,104486.98,Confidence: 76.75%
2025-06-20 12:25:00+08:00,xgboost_bearish,104465.2,Confidence: 89.40%
2025-06-20 12:31:00+08:00,xgboost_bearish,104458.27,Confidence: 91.13%
2025-06-20 12:32:00+08:00,xgboost_bullish,104458.28,Confidence: 78.87%
2025-06-20 12:55:00+08:00,xgboost_bearish,104249.38,Confidence: 88.01%
2025-06-20 13:01:00+08:00,xgboost_bearish,104279.18,Confidence: 87.97%
2025-06-20 13:15:00+08:00,xgboost_bullish,104375.0,Confidence: 86.62%
2025-06-20 13:32:00+08:00,xgboost_bullish,104393.97,Confidence: 87.70%
2025-06-20 13:35:00+08:00,xgboost_bullish,104439.02,Confidence: 96.06%
2025-06-20 13:38:00+08:00,xgboost_bullish,104492.69,Confidence: 92.81%
2025-06-20 13:54:00+08:00,xgboost_bullish,104574.69,Confidence: 85.24%
2025-06-20 13:57:00+08:00,xgboost_bullish,104576.46,Confidence: 85.64%
2025-06-20 13:58:00+08:00,xgboost_bullish,104583.99,Confidence: 89.56%
2025-06-20 14:00:00+08:00,xgboost_bullish,104638.9,Confidence: 92.15%
2025-06-20 14:03:00+08:00,xgboost_bullish,104699.99,Confidence: 89.37%
2025-06-20 14:05:00+08:00,xgboost_bullish,104768.64,Confidence: 86.80%
2025-06-20 14:21:00+08:00,xgboost_bullish,104694.13,Confidence: 85.66%
2025-06-20 14:22:00+08:00,xgboost_bullish,104717.7,Confidence: 88.74%
2025-06-20 14:46:00+08:00,xgboost_bullish,104700.78,Confidence: 89.58%
2025-06-20 14:50:00+08:00,xgboost_bearish,104694.11,Confidence: 90.07%
2025-06-20 15:11:00+08:00,xgboost_bullish,104684.26,Confidence: 94.76%
2025-06-20 15:14:00+08:00,xgboost_bullish,104743.99,Confidence: 86.50%
2025-06-20 15:15:00+08:00,xgboost_bullish,104836.18,Confidence: 86.32%
2025-06-20 15:16:00+08:00,xgboost_bullish,104840.97,Confidence: 91.37%
2025-06-20 15:17:00+08:00,xgboost_bullish,104861.9,Confidence: 94.06%
2025-06-20 15:18:00+08:00,xgboost_bullish,104904.66,Confidence: 94.63%
2025-06-20 15:19:00+08:00,xgboost_bullish,104999.99,Confidence: 94.66%
2025-06-20 15:20:00+08:00,xgboost_bullish,105035.18,Confidence: 93.81%
2025-06-20 15:22:00+08:00,xgboost_bullish,105196.12,Confidence: 85.42%
2025-06-20 15:24:00+08:00,xgboost_bullish,105168.03,Confidence: 94.51%
2025-06-20 15:26:00+08:00,xgboost_bullish,105192.98,Confidence: 86.19%
2025-06-20 15:29:00+08:00,xgboost_bullish,105178.85,Confidence: 89.05%
2025-06-20 15:30:00+08:00,xgboost_bullish,105206.55,Confidence: 87.92%
2025-06-20 15:32:00+08:00,xgboost_bullish,105243.43,Confidence: 86.79%
2025-06-20 15:34:00+08:00,xgboost_bullish,105333.41,Confidence: 92.77%
2025-06-20 15:35:00+08:00,xgboost_bullish,105406.19,Confidence: 87.27%
2025-06-20 15:36:00+08:00,xgboost_bullish,105456.76,Confidence: 90.21%
2025-06-20 15:37:00+08:00,xgboost_bullish,105483.65,Confidence: 90.23%
2025-06-20 15:51:00+08:00,xgboost_bullish,105651.59,Confidence: 85.61%
2025-06-20 15:56:00+08:00,xgboost_bullish,105782.6,Confidence: 87.43%
2025-06-20 15:58:00+08:00,xgboost_bullish,105809.99,Confidence: 87.29%
2025-06-20 15:59:00+08:00,xgboost_bullish,105811.74,Confidence: 88.22%
2025-06-20 16:00:00+08:00,xgboost_bullish,105847.99,Confidence: 90.25%
2025-06-20 16:03:00+08:00,xgboost_bullish,105893.2,Confidence: 90.43%
2025-06-20 16:04:00+08:00,xgboost_bullish,105926.51,Confidence: 88.23%
2025-06-20 16:05:00+08:00,xgboost_bullish,106011.27,Confidence: 90.89%
2025-06-20 16:06:00+08:00,xgboost_bullish,106038.6,Confidence: 91.52%
2025-06-20 16:07:00+08:00,xgboost_bullish,106112.02,Confidence: 85.85%
2025-06-20 16:10:00+08:00,xgboost_bullish,106150.02,Confidence: 93.40%
2025-06-20 16:11:00+08:00,xgboost_bullish,106182.35,Confidence: 94.28%
2025-06-20 16:13:00+08:00,xgboost_bullish,106200.0,Confidence: 92.78%
2025-06-20 16:14:00+08:00,xgboost_bullish,106239.59,Confidence: 88.46%
2025-06-20 16:34:00+08:00,xgboost_bearish,106349.99,Confidence: 89.35%
2025-06-20 16:36:00+08:00,xgboost_bullish,106518.59,Confidence: 85.43%
2025-06-20 16:40:00+08:00,xgboost_bearish,106359.9,Confidence: 91.70%
2025-06-20 17:17:00+08:00,xgboost_bearish,105831.26,Confidence: 88.82%
2025-06-20 18:11:00+08:00,xgboost_bullish,105946.41,Confidence: 88.87%
2025-06-20 18:15:00+08:00,xgboost_bearish,105915.87,Confidence: 87.43%
2025-06-20 18:23:00+08:00,xgboost_bullish,106071.51,Confidence: 89.64%
2025-06-20 18:25:00+08:00,xgboost_bullish,106127.25,Confidence: 93.47%
2025-06-20 19:40:00+08:00,xgboost_bullish,105875.12,Confidence: 87.33%
2025-06-20 19:44:00+08:00,xgboost_bullish,105984.11,Confidence: 88.17%
2025-06-20 19:46:00+08:00,xgboost_bullish,106049.54,Confidence: 93.93%
2025-06-20 19:48:00+08:00,xgboost_bullish,106060.0,Confidence: 87.75%
2025-06-20 19:55:00+08:00,xgboost_bearish,105991.85,Confidence: 89.33%
2025-06-20 19:58:00+08:00,xgboost_bullish,105994.81,Confidence: 85.62%
2025-06-20 20:16:00+08:00,xgboost_bearish,105929.68,Confidence: 90.87%
2025-06-20 20:34:00+08:00,xgboost_bullish,105994.0,Confidence: 85.71%
2025-06-20 20:35:00+08:00,xgboost_bullish,106049.98,Confidence: 89.06%
2025-06-20 20:37:00+08:00,xgboost_bullish,106059.0,Confidence: 92.63%
2025-06-20 20:38:00+08:00,xgboost_bullish,106082.82,Confidence: 90.29%
2025-06-20 20:43:00+08:00,xgboost_bearish,106006.15,Confidence: 87.50%
2025-06-21 00:04:00+08:00,xgboost_bearish,104167.67,Confidence: 86.13%
2025-06-21 00:10:00+08:00,xgboost_bullish,104215.56,Confidence: 86.52%
2025-06-21 00:17:00+08:00,xgboost_bullish,104081.81,Confidence: 88.65%
2025-06-21 00:25:00+08:00,xgboost_bearish,104216.73,Confidence: 87.09%
2025-06-21 00:27:00+08:00,xgboost_bearish,104173.77,Confidence: 85.21%
2025-06-21 00:36:00+08:00,xgboost_bearish,104105.88,Confidence: 86.02%
2025-06-21 00:44:00+08:00,xgboost_bearish,103780.01,Confidence: 87.75%
2025-06-21 00:47:00+08:00,xgboost_bearish,103680.23,Confidence: 85.35%
2025-06-21 00:51:00+08:00,xgboost_bullish,103717.9,Confidence: 86.87%
2025-06-21 00:56:00+08:00,xgboost_bearish,103806.01,Confidence: 88.45%
2025-06-21 00:58:00+08:00,xgboost_bearish,103714.0,Confidence: 87.55%
2025-06-21 00:59:00+08:00,xgboost_bearish,103670.61,Confidence: 85.17%
2025-06-21 01:18:00+08:00,xgboost_bearish,103465.8,Confidence: 86.11%
2025-06-21 01:20:00+08:00,xgboost_bearish,102887.14,Confidence: 87.67%
2025-06-21 01:29:00+08:00,xgboost_bullish,102949.49,Confidence: 85.56%
2025-06-21 01:46:00+08:00,xgboost_bearish,102941.8,Confidence: 85.69%
2025-06-21 01:51:00+08:00,xgboost_bearish,102820.0,Confidence: 87.63%
2025-06-21 01:59:00+08:00,xgboost_bullish,103279.26,Confidence: 86.78%
2025-06-21 02:11:00+08:00,xgboost_bullish,103323.0,Confidence: 87.38%
2025-06-21 02:19:00+08:00,xgboost_bullish,103422.62,Confidence: 89.30%
2025-06-21 02:25:00+08:00,xgboost_bearish,103123.54,Confidence: 93.14%
2025-06-21 02:31:00+08:00,xgboost_bullish,103183.84,Confidence: 87.51%
2025-06-21 02:37:00+08:00,xgboost_bearish,103225.73,Confidence: 86.62%
2025-06-21 02:50:00+08:00,xgboost_bearish,103250.0,Confidence: 89.19%
2025-06-21 03:37:00+08:00,xgboost_bearish,103272.49,Confidence: 89.12%
2025-06-21 03:49:00+08:00,xgboost_bearish,103314.1,Confidence: 87.33%
2025-06-21 04:08:00+08:00,xgboost_bearish,103516.17,Confidence: 87.02%
2025-06-21 04:16:00+08:00,xgboost_bullish,103722.22,Confidence: 86.15%
2025-06-21 04:40:00+08:00,xgboost_bearish,103625.33,Confidence: 90.35%
2025-06-21 04:45:00+08:00,xgboost_bullish,103722.65,Confidence: 89.70%
2025-06-21 05:00:00+08:00,xgboost_bearish,103643.31,Confidence: 90.24%
2025-06-21 05:05:00+08:00,xgboost_bearish,103434.77,Confidence: 85.32%
2025-06-21 05:08:00+08:00,xgboost_bullish,103563.61,Confidence: 86.20%
2025-06-21 05:16:00+08:00,xgboost_bearish,103518.0,Confidence: 88.95%
2025-06-21 05:41:00+08:00,xgboost_bearish,103516.79,Confidence: 87.76%
2025-06-21 05:43:00+08:00,xgboost_bullish,103611.12,Confidence: 88.20%
2025-06-21 05:46:00+08:00,xgboost_bullish,103640.19,Confidence: 88.87%
2025-06-21 05:47:00+08:00,xgboost_bullish,103666.72,Confidence: 85.16%
2025-06-21 05:55:00+08:00,xgboost_bullish,103566.67,Confidence: 86.04%
2025-06-21 06:02:00+08:00,xgboost_bearish,103475.21,Confidence: 85.61%
2025-06-21 06:04:00+08:00,xgboost_bearish,103400.01,Confidence: 87.19%
2025-06-21 06:06:00+08:00,xgboost_bullish,103309.05,Confidence: 88.52%
2025-06-21 06:22:00+08:00,xgboost_bullish,103267.61,Confidence: 85.44%
2025-06-21 06:25:00+08:00,xgboost_bearish,103208.0,Confidence: 88.49%
2025-06-21 06:37:00+08:00,xgboost_bearish,103208.91,Confidence: 85.49%
2025-06-21 06:40:00+08:00,xgboost_bullish,103129.1,Confidence: 85.06%
2025-06-21 07:01:00+08:00,xgboost_bearish,103063.24,Confidence: 89.50%
2025-06-21 07:02:00+08:00,xgboost_bearish,103034.0,Confidence: 90.06%
2025-06-21 07:03:00+08:00,xgboost_bearish,103004.84,Confidence: 87.76%
2025-06-21 07:08:00+08:00,xgboost_bearish,103157.34,Confidence: 85.03%
2025-06-21 07:31:00+08:00,xgboost_bullish,103271.46,Confidence: 86.67%
2025-06-21 07:34:00+08:00,xgboost_bullish,103330.37,Confidence: 88.58%
2025-06-21 08:13:00+08:00,xgboost_bearish,103172.01,Confidence: 85.65%
2025-06-21 08:14:00+08:00,xgboost_bearish,103145.03,Confidence: 87.91%
2025-06-21 08:22:00+08:00,xgboost_bearish,103155.21,Confidence: 91.49%
2025-06-21 08:29:00+08:00,xgboost_bullish,103335.14,Confidence: 89.76%
2025-06-21 08:31:00+08:00,xgboost_bearish,103259.55,Confidence: 86.83%
2025-06-21 08:43:00+08:00,xgboost_bullish,103267.99,Confidence: 85.14%
2025-06-21 08:44:00+08:00,xgboost_bullish,103293.73,Confidence: 88.61%
2025-06-21 08:45:00+08:00,xgboost_bearish,103251.6,Confidence: 89.43%
2025-06-21 09:02:00+08:00,xgboost_bearish,103214.53,Confidence: 91.30%
2025-06-21 09:03:00+08:00,xgboost_bearish,103194.59,Confidence: 86.99%
2025-06-21 09:05:00+08:00,xgboost_bullish,103248.8,Confidence: 86.03%
2025-06-21 09:17:00+08:00,xgboost_bearish,103220.01,Confidence: 87.37%
2025-06-21 09:23:00+08:00,xgboost_bullish,103256.41,Confidence: 86.52%
2025-06-21 09:26:00+08:00,xgboost_bullish,103329.3,Confidence: 89.58%
2025-06-21 09:30:00+08:00,xgboost_bullish,103342.82,Confidence: 86.58%
2025-06-21 09:36:00+08:00,xgboost_bullish,103379.78,Confidence: 87.43%
2025-06-21 09:41:00+08:00,xgboost_bullish,103449.26,Confidence: 87.73%
2025-06-21 09:49:00+08:00,xgboost_bearish,103454.23,Confidence: 88.64%
2025-06-21 09:50:00+08:00,xgboost_bearish,103427.99,Confidence: 92.79%
2025-06-21 09:51:00+08:00,xgboost_bearish,103416.15,Confidence: 87.09%
2025-06-21 10:01:00+08:00,xgboost_bearish,103500.0,Confidence: 87.08%
2025-06-21 10:04:00+08:00,xgboost_bearish,103443.11,Confidence: 86.67%
2025-06-21 10:05:00+08:00,xgboost_bearish,103425.18,Confidence: 86.91%
2025-06-21 10:07:00+08:00,xgboost_bearish,103416.38,Confidence: 92.03%
2025-06-21 10:22:00+08:00,xgboost_bearish,103423.02,Confidence: 87.13%
2025-06-21 10:26:00+08:00,xgboost_bullish,103416.0,Confidence: 88.80%
2025-06-21 10:28:00+08:00,xgboost_bullish,103377.44,Confidence: 87.16%
2025-06-21 10:32:00+08:00,xgboost_bullish,103411.52,Confidence: 93.01%
2025-06-21 10:33:00+08:00,xgboost_bullish,103439.54,Confidence: 92.70%
2025-06-21 10:34:00+08:00,xgboost_bullish,103452.22,Confidence: 88.00%
2025-06-21 10:35:00+08:00,xgboost_bullish,103468.68,Confidence: 87.50%
2025-06-21 10:36:00+08:00,xgboost_bullish,103504.85,Confidence: 96.74%
2025-06-21 10:41:00+08:00,xgboost_bullish,103474.78,Confidence: 95.85%
2025-06-21 10:42:00+08:00,xgboost_bullish,103492.91,Confidence: 94.17%
2025-06-21 10:43:00+08:00,xgboost_bullish,103500.0,Confidence: 91.46%
2025-06-21 10:44:00+08:00,xgboost_bullish,103495.61,Confidence: 91.70%
2025-06-21 10:47:00+08:00,xgboost_bullish,103430.76,Confidence: 95.64%
2025-06-21 10:53:00+08:00,xgboost_bullish,103490.65,Confidence: 90.04%
2025-06-21 10:54:00+08:00,xgboost_bullish,103507.99,Confidence: 85.47%
2025-06-21 10:56:00+08:00,xgboost_bullish,103482.46,Confidence: 85.95%
2025-06-21 10:57:00+08:00,xgboost_bullish,103491.98,Confidence: 91.16%
2025-06-21 10:58:00+08:00,xgboost_bullish,103491.99,Confidence: 92.94%
2025-06-21 10:59:00+08:00,xgboost_bullish,103499.98,Confidence: 91.35%
2025-06-21 11:00:00+08:00,xgboost_bullish,103535.58,Confidence: 95.98%
2025-06-21 11:01:00+08:00,xgboost_bullish,103532.17,Confidence: 91.81%
2025-06-21 11:02:00+08:00,xgboost_bullish,103558.91,Confidence: 92.70%
2025-06-21 11:03:00+08:00,xgboost_bullish,103586.0,Confidence: 86.83%
2025-06-21 11:05:00+08:00,xgboost_bullish,103577.46,Confidence: 95.45%
2025-06-21 11:07:00+08:00,xgboost_bullish,103565.74,Confidence: 95.80%
2025-06-21 11:08:00+08:00,xgboost_bullish,103565.74,Confidence: 97.45%
2025-06-21 11:09:00+08:00,xgboost_bullish,103580.69,Confidence: 93.36%
2025-06-21 11:10:00+08:00,xgboost_bullish,103580.7,Confidence: 95.55%
2025-06-21 11:12:00+08:00,xgboost_bullish,103540.71,Confidence: 92.37%
2025-06-21 11:13:00+08:00,xgboost_bullish,103549.86,Confidence: 92.65%
2025-06-21 11:14:00+08:00,xgboost_bullish,103549.85,Confidence: 90.21%
2025-06-21 11:15:00+08:00,xgboost_bullish,103573.7,Confidence: 94.83%
2025-06-21 11:16:00+08:00,xgboost_bullish,103587.64,Confidence: 89.59%
2025-06-21 11:17:00+08:00,xgboost_bullish,103587.64,Confidence: 86.31%
2025-06-21 11:18:00+08:00,xgboost_bullish,103627.99,Confidence: 95.89%
2025-06-21 11:19:00+08:00,xgboost_bullish,103644.74,Confidence: 87.14%
2025-06-21 11:22:00+08:00,xgboost_bullish,103627.64,Confidence: 94.97%
2025-06-21 11:23:00+08:00,xgboost_bullish,103628.01,Confidence: 89.05%
2025-06-21 11:25:00+08:00,xgboost_bullish,103631.37,Confidence: 95.23%
2025-06-21 11:26:00+08:00,xgboost_bullish,103639.32,Confidence: 89.76%
2025-06-21 11:27:00+08:00,xgboost_bullish,103643.99,Confidence: 93.65%
2025-06-21 11:28:00+08:00,xgboost_bullish,103658.08,Confidence: 91.69%
2025-06-21 11:29:00+08:00,xgboost_bullish,103663.94,Confidence: 90.79%
2025-06-21 11:32:00+08:00,xgboost_bullish,103666.66,Confidence: 95.02%
2025-06-21 11:33:00+08:00,xgboost_bullish,103666.71,Confidence: 92.78%
2025-06-21 11:34:00+08:00,xgboost_bullish,103666.73,Confidence: 89.73%
2025-06-21 11:35:00+08:00,xgboost_bullish,103661.61,Confidence: 88.62%
2025-06-21 11:38:00+08:00,xgboost_bullish,103647.0,Confidence: 93.21%
2025-06-21 11:40:00+08:00,xgboost_bullish,103638.7,Confidence: 85.23%
2025-06-21 11:46:00+08:00,xgboost_bullish,103611.64,Confidence: 87.10%
2025-06-21 11:52:00+08:00,xgboost_bullish,103612.01,Confidence: 92.71%
2025-06-21 11:55:00+08:00,xgboost_bullish,103574.01,Confidence: 85.74%
2025-06-21 12:06:00+08:00,xgboost_bearish,103456.24,Confidence: 89.26%
2025-06-21 12:07:00+08:00,xgboost_bearish,103412.29,Confidence: 86.11%
2025-06-21 12:08:00+08:00,xgboost_bearish,103392.47,Confidence: 95.38%
2025-06-21 12:20:00+08:00,xgboost_bullish,103459.27,Confidence: 85.44%
2025-06-21 12:21:00+08:00,xgboost_bearish,103432.01,Confidence: 89.27%
2025-06-21 12:43:00+08:00,xgboost_bullish,103382.65,Confidence: 93.39%
2025-06-21 12:54:00+08:00,xgboost_bullish,103359.99,Confidence: 86.22%
2025-06-21 12:56:00+08:00,xgboost_bullish,103391.85,Confidence: 93.82%
2025-06-21 13:05:00+08:00,xgboost_bullish,103390.07,Confidence: 87.29%
2025-06-21 13:09:00+08:00,xgboost_bullish,103382.83,Confidence: 85.44%
2025-06-26 01:14:00+08:00,xgboost_bullish,107386.26,Confidence: 85.23%
2025-06-26 01:58:00+08:00,xgboost_bullish,107384.05,Confidence: 95.39%
2025-06-26 01:59:00+08:00,xgboost_bullish,107402.53,Confidence: 92.98%
2025-06-26 02:01:00+08:00,xgboost_bullish,107400.0,Confidence: 85.90%
2025-06-26 02:05:00+08:00,xgboost_bearish,107304.49,Confidence: 88.23%
2025-06-26 02:06:00+08:00,xgboost_bearish,107275.0,Confidence: 86.12%
2025-06-26 02:20:00+08:00,xgboost_bearish,107405.0,Confidence: 86.64%
2025-06-26 02:30:00+08:00,xgboost_bearish,107381.2,Confidence: 90.16%
2025-06-26 02:33:00+08:00,xgboost_bullish,107493.8,Confidence: 88.65%
2025-06-26 02:34:00+08:00,xgboost_bearish,107384.81,Confidence: 85.68%
2025-06-26 02:35:00+08:00,xgboost_bearish,107295.44,Confidence: 85.18%
2025-06-26 02:37:00+08:00,xgboost_bearish,107194.82,Confidence: 91.18%
2025-06-26 02:40:00+08:00,xgboost_bullish,107353.19,Confidence: 87.57%
2025-06-26 02:41:00+08:00,xgboost_bullish,107435.99,Confidence: 87.89%
2025-06-26 02:46:00+08:00,xgboost_bearish,107389.28,Confidence: 85.14%
2025-06-26 02:58:00+08:00,xgboost_bearish,107359.78,Confidence: 86.21%
2025-06-26 03:36:00+08:00,xgboost_bullish,107719.99,Confidence: 88.38%
2025-06-26 03:44:00+08:00,xgboost_bullish,107671.61,Confidence: 85.60%
2025-06-26 03:45:00+08:00,xgboost_bullish,107730.29,Confidence: 87.70%
2025-06-26 03:51:00+08:00,xgboost_bearish,107743.3,Confidence: 85.67%
2025-06-26 03:54:00+08:00,xgboost_bearish,107637.94,Confidence: 89.40%
2025-06-26 04:02:00+08:00,xgboost_bearish,107602.96,Confidence: 87.98%
2025-06-26 04:03:00+08:00,xgboost_bearish,107538.21,Confidence: 89.72%
2025-06-26 04:07:00+08:00,xgboost_bullish,107617.78,Confidence: 88.43%
2025-06-26 04:24:00+08:00,xgboost_bullish,107655.93,Confidence: 89.94%
2025-06-26 04:33:00+08:00,xgboost_bearish,107694.8,Confidence: 88.94%
2025-06-26 04:34:00+08:00,xgboost_bearish,107659.37,Confidence: 87.76%
2025-06-26 04:38:00+08:00,xgboost_bearish,107704.27,Confidence: 89.98%
2025-06-26 04:44:00+08:00,xgboost_bearish,107674.17,Confidence: 87.37%
2025-06-26 04:47:00+08:00,xgboost_bullish,107737.8,Confidence: 91.45%
2025-06-26 04:48:00+08:00,xgboost_bullish,107775.3,Confidence: 92.22%
2025-06-26 04:57:00+08:00,xgboost_bearish,107809.81,Confidence: 88.85%
2025-06-26 05:02:00+08:00,xgboost_bullish,107872.68,Confidence: 86.06%
2025-06-26 05:05:00+08:00,xgboost_bearish,107800.01,Confidence: 87.47%
2025-06-26 05:08:00+08:00,xgboost_bearish,107746.58,Confidence: 89.27%
2025-06-26 05:10:00+08:00,xgboost_bearish,107656.52,Confidence: 86.36%
2025-06-26 05:13:00+08:00,xgboost_bearish,107623.01,Confidence: 90.86%
2025-06-26 05:14:00+08:00,xgboost_bearish,107573.2,Confidence: 89.32%
2025-06-26 05:17:00+08:00,xgboost_bullish,107679.34,Confidence: 85.10%
2025-06-26 05:20:00+08:00,xgboost_bearish,107598.6,Confidence: 87.56%
2025-06-26 05:22:00+08:00,xgboost_bullish,107670.12,Confidence: 85.75%
2025-06-26 05:34:00+08:00,xgboost_bullish,107571.38,Confidence: 93.62%
2025-06-26 05:40:00+08:00,xgboost_bearish,107482.76,Confidence: 86.62%
2025-06-26 06:08:00+08:00,xgboost_bullish,107438.4,Confidence: 93.93%
2025-06-26 06:11:00+08:00,xgboost_bearish,107385.48,Confidence: 86.26%
2025-06-26 06:16:00+08:00,xgboost_bearish,107359.98,Confidence: 89.79%
2025-06-26 06:17:00+08:00,xgboost_bullish,107428.01,Confidence: 85.27%
2025-06-26 06:23:00+08:00,xgboost_bearish,107359.78,Confidence: 90.25%
2025-06-26 06:37:00+08:00,xgboost_bullish,107326.54,Confidence: 85.42%
2025-06-26 06:59:00+08:00,xgboost_bullish,107275.01,Confidence: 91.37%
2025-06-26 07:01:00+08:00,xgboost_bearish,107214.18,Confidence: 87.73%
2025-06-26 07:05:00+08:00,xgboost_bullish,107140.4,Confidence: 87.92%
2025-06-26 07:07:00+08:00,xgboost_bullish,107204.99,Confidence: 91.69%
2025-06-26 07:20:00+08:00,xgboost_bearish,107325.46,Confidence: 87.88%
2025-06-26 07:24:00+08:00,xgboost_bearish,107297.25,Confidence: 89.83%
2025-06-26 07:35:00+08:00,xgboost_bullish,107232.6,Confidence: 92.50%
2025-06-26 07:43:00+08:00,xgboost_bullish,107212.74,Confidence: 88.11%
2025-06-26 07:44:00+08:00,xgboost_bearish,107193.8,Confidence: 87.93%
2025-06-26 07:53:00+08:00,xgboost_bullish,107199.36,Confidence: 88.08%
2025-06-26 07:58:00+08:00,xgboost_bullish,107352.6,Confidence: 85.05%
2025-06-26 08:02:00+08:00,xgboost_bullish,107410.73,Confidence: 87.74%
2025-06-26 08:22:00+08:00,xgboost_bearish,107489.04,Confidence: 86.07%
2025-06-26 08:27:00+08:00,xgboost_bullish,107496.92,Confidence: 87.87%
2025-06-26 08:31:00+08:00,xgboost_bearish,107380.01,Confidence: 87.03%
2025-06-26 08:34:00+08:00,xgboost_bearish,107356.89,Confidence: 91.50%
2025-06-26 08:45:00+08:00,xgboost_bullish,107412.06,Confidence: 87.84%
2025-06-26 08:50:00+08:00,xgboost_bearish,107320.0,Confidence: 86.27%
2025-06-26 09:14:00+08:00,xgboost_bullish,107241.44,Confidence: 88.85%
2025-06-26 09:30:00+08:00,xgboost_bullish,107424.35,Confidence: 85.88%
2025-06-26 09:31:00+08:00,xgboost_bearish,107333.84,Confidence: 88.94%
2025-06-26 09:33:00+08:00,xgboost_bullish,107690.28,Confidence: 90.64%
2025-06-26 09:37:00+08:00,xgboost_bearish,107669.99,Confidence: 89.25%
2025-06-26 09:43:00+08:00,xgboost_bullish,107563.79,Confidence: 89.65%
2025-06-26 09:44:00+08:00,xgboost_bullish,107629.88,Confidence: 87.97%
2025-06-26 09:50:00+08:00,xgboost_bearish,107565.43,Confidence: 92.06%
2025-06-26 10:08:00+08:00,xgboost_bullish,107948.28,Confidence: 90.89%
2025-06-26 10:09:00+08:00,xgboost_bearish,107824.59,Confidence: 93.70%
2025-06-26 10:12:00+08:00,xgboost_bearish,107774.47,Confidence: 88.04%
2025-06-26 10:20:00+08:00,xgboost_bearish,107766.68,Confidence: 88.60%
2025-06-26 10:28:00+08:00,xgboost_bearish,107766.66,Confidence: 88.56%
2025-06-26 10:37:00+08:00,xgboost_bullish,107797.99,Confidence: 90.07%
2025-06-26 10:38:00+08:00,xgboost_bearish,107754.0,Confidence: 87.93%
2025-06-26 10:40:00+08:00,xgboost_bearish,107679.03,Confidence: 85.91%
2025-06-26 10:48:00+08:00,xgboost_bullish,107600.69,Confidence: 90.49%
2025-06-26 10:50:00+08:00,xgboost_bullish,107698.91,Confidence: 90.36%
2025-06-26 11:05:00+08:00,xgboost_bullish,108250.83,Confidence: 85.25%
2025-06-26 11:12:00+08:00,xgboost_bearish,107992.7,Confidence: 85.96%
2025-06-26 11:21:00+08:00,xgboost_bearish,107919.42,Confidence: 85.06%
2025-06-26 11:39:00+08:00,xgboost_bearish,107860.14,Confidence: 88.92%
2025-06-26 11:48:00+08:00,xgboost_bullish,107883.99,Confidence: 85.26%
2025-06-26 11:50:00+08:00,xgboost_bearish,107814.04,Confidence: 86.86%
2025-06-26 12:00:00+08:00,xgboost_bullish,107881.79,Confidence: 85.60%
2025-06-26 12:02:00+08:00,xgboost_bearish,107799.63,Confidence: 87.87%
2025-06-26 12:04:00+08:00,xgboost_bullish,107845.93,Confidence: 85.45%
2025-06-26 12:10:00+08:00,xgboost_bearish,107836.01,Confidence: 92.07%
2025-06-26 12:16:00+08:00,xgboost_bearish,107799.38,Confidence: 85.13%
2025-06-26 12:17:00+08:00,xgboost_bearish,107772.01,Confidence: 87.85%
2025-06-26 12:22:00+08:00,xgboost_bullish,107820.0,Confidence: 90.65%
2025-06-26 12:40:00+08:00,xgboost_bearish,107770.21,Confidence: 89.14%
2025-06-26 12:50:00+08:00,xgboost_bullish,107743.81,Confidence: 88.27%
2025-06-26 13:02:00+08:00,xgboost_bearish,107757.24,Confidence: 90.82%
2025-06-26 13:09:00+08:00,xgboost_bullish,107793.89,Confidence: 93.02%
2025-06-26 13:15:00+08:00,xgboost_bearish,107773.84,Confidence: 87.07%
2025-06-26 14:09:00+08:00,xgboost_bullish,107648.99,Confidence: 90.72%
2025-06-26 14:11:00+08:00,xgboost_bullish,107710.45,Confidence: 93.55%
2025-06-26 14:12:00+08:00,xgboost_bullish,107741.0,Confidence: 92.11%
2025-06-26 14:15:00+08:00,xgboost_bearish,107719.02,Confidence: 76.52%
2025-06-26 14:16:00+08:00,xgboost_bearish,107664.48,Confidence: 81.90%
2025-06-26 14:21:00+08:00,xgboost_bearish,107715.91,Confidence: 83.82%
2025-06-26 14:29:00+08:00,xgboost_bearish,107698.91,Confidence: 79.01%
